kdrama_name,day
100 Days My Prince,tuesday
100 Days My Prince, monday
12 Signs of Love,wednesday
12 Signs of Love, thursday
12 Years Promise,saturday
12 Years Promise, sunday
18 Again,monday
18 Again, tuesday
365: Repeat the Year,monday
365: Repeat the Year, tuesday
4 Legendary Witches,saturday
4 Legendary Witches, sunday
5th Republic,saturday
5th Republic, sunday
7 First Kisses,monday
7 First Kisses, thursday
7th Grade Civil Servant,wednesday
7th Grade Civil Servant, thursday
#Alive,wednesday
#Alive, saturday
A Beautiful Mind,monday
A Beautiful Mind, tuesday
A Bird That Doesn't Sing,monday
A Bird That Doesn't Sing, tuesday
A Bird That Doesn't Sing, wednesday
A Bird That Doesn't Sing, thursday
A Daughter Just Like You,monday
A Daughter Just Like You, tuesday
A Daughter Just Like You, wednesday
A Daughter Just Like You, thursday
A Daughter Just Like You, friday
A Gentleman's Dignity,saturday
A Gentleman's Dignity, sunday
A Girl Who Sees Smells,wednesday
A Girl Who Sees Smells, thursday
A Happy Woman,saturday
A Happy Woman, sunday
A Hundred Year Legacy,saturday
A Hundred Year Legacy, sunday
A Korean Odyssey,saturday
A Korean Odyssey, sunday
A Little Love Never Hurts,saturday
A Little Love Never Hurts, sunday
A Love So Beautiful,monday
A Love So Beautiful, thursday
A Love So Beautiful, saturday
A Model Family,friday
A New Leaf,wednesday
A New Leaf, thursday
A Piece of Your Mind,monday
A Piece of Your Mind, tuesday
A Place in the Sun,monday
A Place in the Sun, tuesday
A Place in the Sun, wednesday
A Place in the Sun, thursday
A Place in the Sun, friday
A Pledge to God,saturday
A Poem a Day,monday
A Poem a Day, tuesday
A Superior Day,sunday
A Tale of Two Sisters,monday
A Tale of Two Sisters, tuesday
A Tale of Two Sisters, wednesday
A Tale of Two Sisters, thursday
A Tale of Two Sisters, friday
A Thousand Days' Promise,monday
A Thousand Days' Promise, tuesday
A Thousand Kisses,saturday
A Thousand Kisses, sunday
A Time Called You,NA
A Witch's Love,monday
A Witch's Love, tuesday
A-Teen 2,thursday
A-Teen 2, sunday
About Time,monday
About Time, tuesday
Abyss,monday
Abyss, tuesday
Ad Genius Lee Tae-baek,monday
Ad Genius Lee Tae-baek, tuesday
Adamas,wednesday
Adamas, thursday
Adult Trainee,friday
"Aeja's Older Sister, Minja",monday
"Aeja's Older Sister, Minja", friday
Aftermath,NA
Again My Life,friday
Again My Life, saturday
Age of Warriors,saturday
Age of Warriors, sunday
Air City,saturday
Air City, sunday
Alchemy of Souls,saturday
Alchemy of Souls, sunday
Alice,friday
Alice, saturday
All About My Mom,saturday
All About My Mom, sunday
All About My Romance,wednesday
All About My Romance, thursday
All In,wednesday
All In, thursday
All of Us Are Dead,friday
Alone in Love,monday
Alone in Love, tuesday
Amanza,tuesday
Amor Fati,monday
Amor Fati, tuesday
Amor Fati, wednesday
Amor Fati, thursday
Amor Fati, friday
Andante,sunday
Ang Shim Jung,thursday
Angel Eyes,saturday
Angel Eyes, sunday
Angel's Choice,monday
Angel's Choice, tuesday
Angel's Choice, wednesday
Angel's Choice, thursday
Angel's Choice, friday
Angel's Last Mission: Love,wednesday
Angel's Last Mission: Love, thursday
Angel's Revenge,monday
Angel's Revenge, tuesday
Angel's Revenge, wednesday
Angel's Revenge, thursday
Angel's Revenge, friday
Angry Mom,wednesday
Angry Mom, thursday
Anna,friday
Another Miss Oh,monday
Another Miss Oh, tuesday
Another Peaceful Day of Second-Hand Items,thursday
Apgujeong Midnight Sun,monday
Apgujeong Midnight Sun, tuesday
Apgujeong Midnight Sun, wednesday
Apgujeong Midnight Sun, thursday
Apgujeong Midnight Sun, friday
April Kiss,wednesday
April Kiss, thursday
Arang and the Magistrate,wednesday
Arang and the Magistrate, thursday
Are You Human?,monday
Are You Human?, tuesday
Argon,monday
Argon, tuesday
Arthdal Chronicles,saturday
Arthdal Chronicles, sunday
Artificial City,wednesday
Artificial City, thursday
Ask the Stars,NA
Asphalt Man,wednesday
Asphalt Man, thursday
Assembly,wednesday
Assembly, thursday
At Eighteen,monday
At Eighteen, tuesday
"At a Distance, Spring Is Green",monday
"At a Distance, Spring Is Green", tuesday
Autumn Shower,wednesday
Autumn Shower, thursday
Avengers Social Club,wednesday
Avengers Social Club, thursday
Awaken,monday
Awaken, tuesday
Babel,saturday
Babel, sunday
Baby Faced Beauty,monday
Baby Faced Beauty, tuesday
Babysitter,monday
Babysitter, tuesday
Bachelor's Vegetable Store,wednesday
Bachelor's Vegetable Store, thursday
Backstreet Rookie,friday
Backstreet Rookie, saturday
Bad and Crazy,friday
Bad and Crazy, saturday
Bad Guy,saturday
Bad Guys,saturday
Bad Guys 2,saturday
Bad Guys 2, sunday
Bad Housewife,monday
Bad Housewife, tuesday
Bad Papa,monday
Bad Papa, tuesday
"Bad Thief, Good Thief",saturday
"Bad Thief, Good Thief", sunday
"Bad Woman, Good Woman",monday
"Bad Woman, Good Woman", tuesday
"Bad Woman, Good Woman", wednesday
"Bad Woman, Good Woman", thursday
"Bad Woman, Good Woman", friday
Ballad of Seodong,monday
Ballad of Seodong, tuesday
Band of Sisters,saturday
Banjun Drama,NA
Basketball,monday
Basketball, tuesday
Be Melodramatic,friday
Be Melodramatic, saturday
Be My Dream Family,monday
Be My Dream Family, tuesday
Be My Dream Family, wednesday
Be My Dream Family, thursday
Be My Dream Family, friday
Be Positive,NA
"Be Strong, Geum-soon!",monday
"Be Strong, Geum-soon!", tuesday
"Be Strong, Geum-soon!", wednesday
"Be Strong, Geum-soon!", thursday
"Be Strong, Geum-soon!", friday
Beating Again,friday
Beating Again, saturday
Beating Heart,saturday
Beating Heart, sunday
Beautiful Days,monday
Beautiful Days, tuesday
Beautiful Days, wednesday
Beautiful Days, thursday
Beautiful Days, friday
Beautiful Gong Shim,saturday
Beautiful Gong Shim, sunday
"Beautiful Love, Wonderful Life",saturday
"Beautiful Love, Wonderful Life", sunday
Beautiful World,friday
Beautiful World, saturday
Because This Is My First Life,monday
Because This Is My First Life, tuesday
Becky's Back,monday
Becky's Back, tuesday
Becoming Witch,saturday
Behind the White Tower,saturday
Behind the White Tower, sunday
Bel Ami,wednesday
Bel Ami, thursday
Best Chicken,wednesday
Best Chicken, thursday
Beyond Evil,friday
Beyond Evil, saturday
Beyond the Clouds,monday
Beyond the Clouds, tuesday
Big,monday
Big, tuesday
Big Issue,wednesday
Big Issue, thursday
Big Man,monday
Big Man, tuesday
Big Mouth,friday
Big Mouth, saturday
"Billie Jean, Look at Me",monday
"Billie Jean, Look at Me", tuesday
Birdie Buddy,monday
Birdie Buddy, tuesday
Birth of a Beauty,saturday
Birth of a Beauty, sunday
Birthcare Center,monday
Birthcare Center, tuesday
Bizarre Bunch,NA
Black,saturday
Black, sunday
Black Dog: Being A Teacher,monday
Black Dog: Being A Teacher, tuesday
Black Knight,NA
Black Knight: The Man Who Guards Me,wednesday
Black Knight: The Man Who Guards Me, thursday
Blade Man,wednesday
Blade Man, thursday
Blessing of the Sea,monday
Blessing of the Sea, tuesday
Blessing of the Sea, wednesday
Blessing of the Sea, thursday
Blessing of the Sea, friday
Blind,NA
Blood,monday
Blood, tuesday
Blooded Palace: The War of Flowers,saturday
Blooded Palace: The War of Flowers, sunday
Bloody Heart,monday
Bloody Heart, tuesday
Bloody Romance,NA
Blossom Sisters,saturday
Blossom Sisters, sunday
Blow Breeze,saturday
Blow Breeze, sunday
Blue Birthday,friday
Blue Birthday, saturday
Bodyguard,saturday
Bodyguard, sunday
Born Again,monday
Born Again, tuesday
Bossam: Steal the Fate,saturday
Bossam: Steal the Fate, sunday
Boys Over Flowers,monday
Boys Over Flowers, tuesday
Brain,monday
Brain, tuesday
Bravo My Life,monday
Bravo My Life, tuesday
Bravo My Life, wednesday
Bravo My Life, thursday
Bravo My Life, friday
"Bravo, My Life",monday
"Bravo, My Life", tuesday
"Bravo, My Life", wednesday
"Bravo, My Life", thursday
"Bravo, My Life", friday
"Bravo, My Love!",saturday
"Bravo, My Love!", sunday
Bridal Mask,wednesday
Bridal Mask, thursday
Bride of the Century,friday
Bride of the Century, saturday
Bride of the Sun,monday
Bride of the Sun, tuesday
Bride of the Sun, wednesday
Bride of the Sun, thursday
Bride of the Sun, friday
Brilliant Heritage,monday
Brilliant Heritage, tuesday
Brilliant Heritage, wednesday
Brilliant Heritage, thursday
Brilliant Heritage, friday
Brilliant Legacy,monday
Brilliant Legacy, tuesday
Brilliant Legacy, wednesday
Brilliant Legacy, thursday
Brilliant Legacy, friday
"Bring It On, Ghost",monday
"Bring It On, Ghost", tuesday
Bubble Gum,monday
Bubble Gum, tuesday
Bubbly Lovely,monday
Bubbly Lovely, tuesday
Bubbly Lovely, wednesday
Bubbly Lovely, thursday
Bubbly Lovely, friday
Bulgasal: Immortal Souls,saturday
Bulgasal: Immortal Souls, sunday
Business Proposal,monday
Business Proposal, tuesday
Café Minamdang,monday
Café Minamdang, tuesday
Call My Agent!,NA
"Can We Fall in Love, Again?",monday
"Can We Fall in Love, Again?", tuesday
Can We Get Married?,monday
Can We Get Married?, tuesday
Can't Lose,wednesday
Can't Lose, thursday
Can't Stand Anymore,monday
Can't Stand Anymore, tuesday
Can't Stand Anymore, wednesday
Can't Stand Anymore, thursday
Can't Stand Anymore, friday
Capital Scandal,wednesday
Capital Scandal, thursday
Casino,NA
Catch the Ghost,monday
Catch the Ghost, tuesday
Cheat on Me If You Can,wednesday
Cheat on Me If You Can, thursday
Cheer Up,NA
Cheer Up!,NA
"Cheer Up, Mr. Kim!",monday
"Cheer Up, Mr. Kim!", tuesday
"Cheer Up, Mr. Kim!", wednesday
"Cheer Up, Mr. Kim!", thursday
"Cheer Up, Mr. Kim!", friday
Cheese in the Trap,monday
Cheese in the Trap, tuesday
Cheongdam-dong Alice,saturday
Cheongdam-dong Alice, sunday
Cheongdam-dong Scandal,monday
Cheongdam-dong Scandal, tuesday
Cheongdam-dong Scandal, wednesday
Cheongdam-dong Scandal, thursday
Cheongdam-dong Scandal, friday
Cheo Yong,sunday
Chicago Typewriter,friday
Chicago Typewriter, saturday
Chief of Staff,friday
Chief of Staff, saturday
Children of a Lesser God,saturday
Children of a Lesser God, sunday
Children of Nobody,wednesday
Children of Nobody, thursday
Children of the 20th Century,monday
Children of the 20th Century, tuesday
Chimera,saturday
Chimera, sunday
Chip In,wednesday
Chip In, thursday
Choco Bank,monday
Choco Bank, tuesday
Choco Bank, wednesday
Choco Bank, thursday
Choco Bank, friday
Chocolate,friday
Chocolate, saturday
Chunja's Special Day,monday
Chunja's Special Day, tuesday
Chunja's Special Day, wednesday
Chunja's Special Day, thursday
Chunja's Special Day, friday
Cinderella with Four Knights,friday
Cinderella with Four Knights, saturday
Circle,monday
Circle, tuesday
City Hunter,wednesday
City Hunter, thursday
City of the Sun,friday
City of the Sun, saturday
Class of Lies,wednesday
Class of Lies, thursday
Clean with Passion for Now,monday
Clean with Passion for Now, tuesday
Cleaning Up,saturday
Cleaning Up, sunday
Coffee Prince,monday
Coffee Prince, tuesday
"Coffee, Do Me a Favor",saturday
"Coffee, Do Me a Favor", sunday
Color Rush,wednesday
Color Rush, thursday
Coma,friday
Come and Hug Me,wednesday
Come and Hug Me, thursday
Come Back Mister,wednesday
Come Back Mister, thursday
Confession,saturday
Confession, sunday
Connect,NA
Conspiracy in the Court,monday
Conspiracy in the Court, tuesday
"Cool Guys, Hot Ramen",monday
"Cool Guys, Hot Ramen", tuesday
Couple or Trouble,saturday
Couple or Trouble, sunday
Crash Landing on You,sunday
Crash Landing on You, saturday
Crazy Love,monday
Crazy Love, tuesday
Criminal Minds,wednesday
Criminal Minds, thursday
Cross,monday
Cross, tuesday
Cruel Love,saturday
Cruel Love, sunday
Cunning Single Lady,wednesday
Cunning Single Lady, thursday
Curtain Call,NA
D.P.,friday
Dae Jang Geum,thursday
Dae Jang Geum Is Watching,thursday
Dae Jo-yeong,saturday
Dae Jo-yeong, sunday
Daemyeong,monday
Dal-ja's Spring,wednesday
Dal-ja's Spring, thursday
Dali and Cocky Prince,wednesday
Dali and Cocky Prince, thursday
Damo,monday
Damo, tuesday
Dangerous Woman,monday
Dangerous Woman, tuesday
Dangerous Woman, wednesday
Dangerous Woman, thursday
Dangerous Woman, friday
Daring Women,saturday
Daring Women, sunday
Dark Hole,friday
Dark Hole, saturday
Dating Agency: Cyrano,monday
Dating Agency: Cyrano, tuesday
Dear Heaven,saturday
Dear Heaven, sunday
Dear My Friends,friday
Dear My Friends, saturday
Dear X Who Doesn't Love Me,thursday
Dear. M,wednesday
Deep Rooted Tree,wednesday
Deep Rooted Tree, thursday
Definitely Neighbors,saturday
Definitely Neighbors, sunday
Delayed Justice,friday
Delayed Justice, saturday
Delicious Proposal,wednesday
Delicious Proposal, thursday
Delivery,friday
Descendants of the Sun,wednesday
Descendants of the Sun, thursday
Designated Survivor: 60 Days,monday
Designated Survivor: 60 Days, tuesday
Devilish Charm,wednesday
Devilish Charm, thursday
Diary of a Night Watchman,monday
Diary of a Night Watchman, tuesday
Diary of a Prosecutor,monday
Diary of a Prosecutor, tuesday
Did We Really Love?,wednesday
Did We Really Love?, thursday
Different Dreams,saturday
Dinner Mate,monday
Dinner Mate, tuesday
Discovery of Love,monday
Discovery of Love, tuesday
Distorted,monday
Distorted, tuesday
Divorce Lawyer in Love,saturday
Divorce Lawyer in Love, sunday
Do Do Sol Sol La La Sol,wednesday
Do Do Sol Sol La La Sol, thursday
Do You Like Brahms?,monday
Do You Like Brahms?, tuesday
Doctor Detective,wednesday
Doctor Detective, thursday
Doctor John,friday
Doctor John, saturday
Doctor Lawyer,friday
Doctor Lawyer, saturday
Doctor Prisoner,wednesday
Doctor Prisoner, thursday
Doctor Stranger,monday
Doctor Stranger, tuesday
Dokgo Rewind,friday
Don't Cry My Love,monday
Don't Cry My Love, tuesday
Don't Cry My Love, wednesday
Don't Cry My Love, thursday
Don't Cry My Love, friday
Don't Dare to Dream,wednesday
Don't Dare to Dream, thursday
Don't Hesitate,monday
Don't Hesitate, tuesday
Don't Hesitate, wednesday
Don't Hesitate, thursday
Don't Hesitate, friday
Don't Look Back: The Legend of Orpheus,monday
Don't Look Back: The Legend of Orpheus, tuesday
Doom at Your Service,monday
Doom at Your Service, tuesday
White Christmas,wednesday
White Christmas, thursday
Dream,monday
Dream, tuesday
Dream High,monday
Dream High, tuesday
Dream High 2,monday
Dream High 2, tuesday
Dream of the Emperor,saturday
Dream of the Emperor, sunday
Drinking Solo,monday
Drinking Solo, tuesday
Dr. Brain,friday
Dr. Frost,sunday
Dr. Ian,monday
Dr. Ian, tuesday
Dr. Ian, wednesday
Dr. Ian, sunday
Dr. Jin,saturday
Dr. Jin, sunday
Dr. Kkang,wednesday
Dr. Kkang, thursday
Dr. Park's Clinic,friday
Dr. Park's Clinic, saturday
Dr. Romantic,monday
Dr. Romantic, tuesday
Duel,saturday
Duel, sunday
Dummy Mommy,saturday
Dummy Mommy, sunday
Eccentric! Chef Moon,friday
Eccentric! Chef Moon, saturday
"Eight Days, Assassination Attempts against King Jeongjo",saturday
"Eight Days, Assassination Attempts against King Jeongjo", sunday
Emergency Couple,friday
Emergency Couple, saturday
Emperor of the Sea,wednesday
Emperor of the Sea, thursday
Empire of Gold,monday
Empire of Gold, tuesday
Empress Ki,monday
Empress Ki, tuesday
Empress Myeongseong,wednesday
Empress Myeongseong, thursday
Enchanting Neighbor,monday
Enchanting Neighbor, tuesday
Enchanting Neighbor, wednesday
Enchanting Neighbor, thursday
Enchanting Neighbor, friday
Encounter,wednesday
Encounter, thursday
Endless Love,saturday
Endless Love, sunday
Summer Scent,monday
Summer Scent, tuesday
Enemies from the Past,monday
Enemies from the Past, tuesday
Enemies from the Past, wednesday
Enemies from the Past, thursday
Enemies from the Past, friday
Entertainer,wednesday
Entertainer, thursday
Entourage,friday
Entourage, saturday
Erexion,friday
Eve,wednesday
Eve, thursday
Evergreen,monday
Evergreen, tuesday
Everybody Say Kimchi,monday
Everybody Say Kimchi, tuesday
Everybody Say Kimchi, wednesday
Everybody Say Kimchi, thursday
Everybody Say Kimchi, friday
Exo Next Door,tuesday
Exo Next Door, thursday
Extracurricular,wednesday
Extraordinary Attorney Woo,wednesday
Extraordinary Attorney Woo, thursday
Extraordinary You,wednesday
Extraordinary You, thursday
Ex-Girlfriends' Club,friday
Ex-Girlfriends' Club, saturday
Eyes of Dawn,wednesday
Eyes of Dawn, thursday
Faith,monday
Faith, tuesday
Falling for Challenge,NA
Familiar Wife,wednesday
Familiar Wife, thursday
Family,monday
Family, tuesday
Family, wednesday
Family, thursday
Family, friday
Family Secret,monday
Family Secret, tuesday
Family Secret, wednesday
Family Secret, thursday
Family's Honor,saturday
Family's Honor, sunday
Fantastic,friday
Fantastic, saturday
Fashion 70s,monday
Fashion 70s, tuesday
Fashion King,monday
Fashion King, tuesday
Fatal Promise,monday
Fatal Promise, tuesday
Fatal Promise, wednesday
Fatal Promise, thursday
Fatal Promise, friday
Fates & Furies,saturday
"Father, I'll Take Care of You",saturday
"Father, I'll Take Care of You", sunday
Father's House,monday
Father's House, tuesday
Feast of the Gods,saturday
Feast of the Gods, sunday
Feel Good to Die,wednesday
Feel Good to Die, thursday
Fight for My Way,monday
Fight for My Way, tuesday
Find Me in Your Memory,wednesday
Find Me in Your Memory, thursday
Fireworks,wednesday
Fireworks, thursday
First Love,wednesday
First Love, thursday
First Love Again,thursday
First Wives' Club,saturday
First Wives' Club, sunday
Five Enough,saturday
Five Enough, sunday
Five Fingers,saturday
Five Fingers, sunday
Flower Band,monday
Flower Band, tuesday
Flower Crew: Joseon Marriage Agency,monday
Flower Crew: Joseon Marriage Agency, tuesday
Flower Grandpa Investigation Unit,friday
Flower of Evil,wednesday
Flower of Evil, thursday
Flower of Queen,saturday
Flower of Queen, sunday
Flower of Revenge,monday
Flower of Revenge, tuesday
Flower of Revenge, wednesday
Flower of Revenge, thursday
Flower of Revenge, friday
Flowers of the Prison,saturday
Flowers of the Prison, sunday
Fly High Butterfly,NA
Forecasting Love and Weather,saturday
Forecasting Love and Weather, sunday
Forest,wednesday
Forest, thursday
Forever Young,thursday
Forever Young, friday
Foundation of the Kingdom,NA
Four Sisters,wednesday
Four Sisters, thursday
"Freedom Fighter, Lee Hoe-young",saturday
"Freedom Fighter, Lee Hoe-young", sunday
Freeze,NA
"From Now On, Showtime!",saturday
"From Now On, Showtime!", sunday
Full House Take 2,monday
Full House Take 2, tuesday
Full House Take 2, wednesday
Full House Take 2, thursday
Gangnam Beauty,friday
Gangnam Beauty, saturday
Gangnam Scandal,monday
Gangnam Scandal, tuesday
Gangnam Scandal, wednesday
Gangnam Scandal, thursday
Gangnam Scandal, friday
Gap-dong,friday
Gap-dong, saturday
Get Revenge,saturday
Get Revenge, sunday
Get Up,sunday
Ghost Doctor,monday
Ghost Doctor, tuesday
Girls' Generation 1979,monday
Girls' Generation 1979, tuesday
Glamorous Temptation,monday
Glamorous Temptation, tuesday
Glass Castle,saturday
Glass Castle, sunday
Glass Mask,monday
Glass Mask, tuesday
Glass Mask, wednesday
Glass Mask, thursday
Glass Slippers,saturday
Glass Slippers, sunday
Glitch,NA
Gloria,wednesday
Gloria, thursday
Glorious Day,saturday
Glorious Day, sunday
Glory Jane,wednesday
Glory Jane, thursday
Go Back,thursday
Go Back, saturday
God of War,saturday
God of War, sunday
Goddess of Fire,monday
Goddess of Fire, tuesday
Goddess of Marriage,saturday
Goddess of Marriage, sunday
God's Gift: 14 Days,monday
God's Gift: 14 Days, tuesday
"Gogh, The Starry Night",saturday
"Gogh, The Starry Night", sunday
Gold Mask,monday
Gold Mask, tuesday
Gold Mask, wednesday
Gold Mask, thursday
Gold Mask, friday
Golden Apple,wednesday
Golden Apple, thursday
Golden Bride,saturday
Golden Bride, sunday
Golden Cross,wednesday
Golden Cross, thursday
Golden Fish,monday
Golden Fish, tuesday
Golden Fish, wednesday
Golden Fish, thursday
Golden Fish, friday
Golden Pouch,monday
Golden Pouch, tuesday
Golden Pouch, wednesday
Golden Pouch, thursday
Golden Pouch, friday
Golden Rainbow,saturday
Golden Rainbow, sunday
Golden Spoon,NA
Golden Time,monday
Golden Time, tuesday
Good Casting,monday
Good Casting, tuesday
Good Doctor,monday
Good Doctor, tuesday
"Good Job, Good Job",saturday
"Good Job, Good Job", sunday
Good Manager,wednesday
Good Manager, thursday
Goodbye Dear Wife,monday
Goodbye Dear Wife, tuesday
Goodbye Mr. Black,wednesday
Goodbye Mr. Black, thursday
Goodbye My Love,wednesday
Goodbye My Love, thursday
Goodbye Solo,wednesday
Goodbye Solo, thursday
Goodbye to Goodbye,saturday
Graceful Family,wednesday
Graceful Family, thursday
Graceful Friends,friday
Graceful Friends, saturday
Gracious Revenge,monday
Gracious Revenge, tuesday
Gracious Revenge, wednesday
Gracious Revenge, thursday
Gracious Revenge, friday
Grand Prince,saturday
Grand Prince, sunday
Green Mothers' Club,wednesday
Green Mothers' Club, thursday
Grid,wednesday
Gu Family Book,monday
Gu Family Book, tuesday
Guardian Angel,wednesday
Guardian Angel, thursday
Guardian: The Lonely and Great God,friday
Guardian: The Lonely and Great God, saturday
Gunman in Joseon,wednesday
Gunman in Joseon, thursday
"Gwanggaeto, The Great Conqueror",saturday
"Gwanggaeto, The Great Conqueror", sunday
Gyebaek,monday
Gyebaek, tuesday
Haechi,monday
Haechi, tuesday
Happiness,friday
Happiness, saturday
Happy Ending,saturday
Happy Home,saturday
Happy Home, sunday
Happy Sisters,monday
Happy Sisters, tuesday
Happy Sisters, wednesday
Happy Sisters, thursday
Happy Sisters, friday
Happy Together,wednesday
Happy Together, thursday
He Is Psychometric,monday
He Is Psychometric, tuesday
Healer,monday
Healer, tuesday
Heard It Through the Grapevine,monday
Heard It Through the Grapevine, tuesday
Heart Surgeons,wednesday
Heart Surgeons, thursday
Heart to Heart,friday
Heart to Heart, saturday
Heartless City,monday
Heartless City, tuesday
Heartstrings,wednesday
Heartstrings, thursday
Hell Is Other People,saturday
Hell Is Other People, sunday
Hellbound,friday
Hello Franceska,monday
Hello Monster,monday
Hello Monster, tuesday
"Hello, Me!",wednesday
"Hello, Me!", thursday
"Hello, My Twenties!",friday
"Hello, My Twenties!", saturday
Her Private Life,wednesday
Her Private Life, thursday
Here Comes Mr. Oh,monday
Here Comes Mr. Oh, tuesday
Here Comes Mr. Oh, wednesday
Here Comes Mr. Oh, thursday
Here Comes Mr. Oh, friday
Here's My Plan,wednesday
Here's My Plan, thursday
Hero,sunday
"Hi Bye, Mama!",saturday
"Hi Bye, Mama!", sunday
Hi! School: Love On,friday
Hidden Identity,monday
Hidden Identity, tuesday
Hide and Seek,saturday
High Class,monday
High Class, tuesday
High End Crush,saturday
High End Crush, sunday
High Kick!,monday
High Kick!, tuesday
High Kick!, wednesday
High Kick!, thursday
High Kick!, friday
High Kick: Revenge of the Short Legged,monday
High Kick: Revenge of the Short Legged, tuesday
High Kick: Revenge of the Short Legged, wednesday
High Kick: Revenge of the Short Legged, thursday
High Kick: Revenge of the Short Legged, friday
High School King of Savvy,monday
High School King of Savvy, tuesday
High Society,monday
High Society, tuesday
History of a Salaryman,NA
Hit the Top,friday
Hit the Top, saturday
Hogu's Love,monday
Hogu's Love, tuesday
Hold Me Tight,wednesday
Hold Me Tight, thursday
Hold My Hand,monday
Hold My Hand, tuesday
Hold My Hand, wednesday
Hold My Hand, thursday
Hold My Hand, friday
Home for Summer,monday
Home for Summer, tuesday
Home for Summer, wednesday
Home for Summer, thursday
Home for Summer, friday
Homemade Love Story,saturday
Homemade Love Story, sunday
Hometown,wednesday
Hometown, thursday
Hometown Cha-Cha-Cha,saturday
Hometown Cha-Cha-Cha, sunday
Hong Kong Express,wednesday
Hong Kong Express, thursday
Hospital Playlist,thursday
Hospital Ship,wednesday
Hospital Ship, thursday
Hot Stove League,friday
Hot Stove League, saturday
Hotel del Luna,saturday
Hotel del Luna, sunday
Hotel King,saturday
Hotel King, sunday
Hotelier,wednesday
Hotelier, thursday
House of Bluebird,saturday
House of Bluebird, sunday
How Are U Bread,saturday
How Long I've Kissed,wednesday
How Long I've Kissed, thursday
How to Be Thirty,tuesday
How to Be Thirty, saturday
How to Buy a Friend,monday
How to Buy a Friend, tuesday
How to Meet a Perfect Neighbor,wednesday
How to Meet a Perfect Neighbor, thursday
How Should I Be,sunday
Hur Jun,monday
Hur Jun, tuesday
"Hur Jun, The Original Story",monday
"Hur Jun, The Original Story", tuesday
"Hur Jun, The Original Story", wednesday
"Hur Jun, The Original Story", thursday
"Hur Jun, The Original Story", friday
Hush,friday
Hush, saturday
Hwarang: The Poet Warrior Youth,monday
Hwarang: The Poet Warrior Youth, tuesday
"Hyde Jekyll, Me",wednesday
"Hyde Jekyll, Me", thursday
Hyena,wednesday
Hyena, thursday
I Can Hear Your Voice,wednesday
I Can Hear Your Voice, thursday
"I Do, I Do",wednesday
"I Do, I Do", thursday
I Have a Lover,saturday
I Have a Lover, sunday
I Like You,monday
I Like You, tuesday
I Like You, wednesday
I Like You, thursday
I Like You, friday
I Like You, saturday
I Love Lee Taly,monday
I Love Lee Taly, tuesday
I Need Romance,monday
I Need Romance, tuesday
I Need Romance 2012,wednesday
I Need Romance 2012, thursday
I Need Romance 3,monday
I Need Romance 3, tuesday
I Order You,monday
I Order You, tuesday
I Order You, wednesday
I Order You, thursday
I Picked Up a Celebrity on the Street,thursday
I Picked Up a Celebrity on the Street, friday
I Wanna Hear Your Song,monday
I Wanna Hear Your Song, tuesday
I'm After You,wednesday
I'm After You, thursday
I'm Not a Robot,wednesday
I'm Not a Robot, thursday
"I'm Sorry, But I Love You",monday
"I'm Sorry, But I Love You", tuesday
"I'm Sorry, I Love You",monday
"I'm Sorry, I Love You", tuesday
Ice Adonis,monday
Ice Adonis, tuesday
Ice Adonis, wednesday
Ice Adonis, thursday
Idol Drama Operation Team,NA
Idol: The Coup,monday
Idol: The Coup, tuesday
If Tomorrow Comes,saturday
If Tomorrow Comes, sunday
If You Wish Upon Me,wednesday
If You Wish Upon Me, thursday
Iljimae,monday
Iljimae, tuesday
Imaginary Cat,tuesday
Imitation,friday
Immortal Admiral Yi Sun-sin,saturday
Immortal Admiral Yi Sun-sin, sunday
In-soon Is Pretty,wednesday
In-soon Is Pretty, thursday
Incarnation of Money,saturday
Incarnation of Money, sunday
Innocent Defendant,monday
Innocent Defendant, tuesday
Insider,wednesday
Insider, thursday
Inspector Koo,saturday
Inspector Koo, sunday
Inspiring Generation,wednesday
Inspiring Generation, thursday
"Insu, the Queen Mother",saturday
"Insu, the Queen Mother", sunday
Into the Flames,friday
Into the Flames, saturday
Introverted Boss,monday
Introverted Boss, tuesday
Ireland,wednesday
Ireland, thursday
Iris,wednesday
Iris, thursday
Iris II: New Generation,wednesday
Iris II: New Generation, thursday
Island,NA
Itaewon Class,friday
Itaewon Class, saturday
Item,monday
Item, tuesday
It's Beautiful Now,saturday
It's Beautiful Now, sunday
It's My Life,monday
It's My Life, tuesday
It's My Life, wednesday
It's My Life, thursday
It's My Life, friday
It's Okay to Not Be Okay,saturday
It's Okay to Not Be Okay, sunday
"It's Okay, That's Love",wednesday
"It's Okay, That's Love", thursday
Jang Bo-ri Is Here!,saturday
Jang Bo-ri Is Here!, sunday
"Jang Ok-jung, Living by Love",monday
"Jang Ok-jung, Living by Love", tuesday
Jeong Do-jeon,saturday
Jeong Do-jeon, sunday
Ji Woon-soo's Stroke of Luck,saturday
Ji Woon-soo's Stroke of Luck, sunday
Jinxed at First,wednesday
Jinxed at First, thursday
Jirisan,saturday
Jirisan, sunday
Jolly Widows,monday
Jolly Widows, tuesday
Jolly Widows, wednesday
Jolly Widows, thursday
Jolly Widows, friday
Joseon Exorcist,monday
Joseon Exorcist, tuesday
Joseon Survival Period,saturday
Joseon Survival Period, sunday
JTBC Drama Festa,saturday
JTBC Drama Festa, sunday
Judge vs. Judge,wednesday
Judge vs. Judge, thursday
Jugglers,monday
Jugglers, tuesday
Jump,monday
Jump, tuesday
Jump, wednesday
Jump, thursday
Jump, friday
Jungle Fish,NA
Just Dance,monday
Just Dance, tuesday
Justice,wednesday
Justice, thursday
Juvenile Justice,friday
Kairos,monday
Kairos, tuesday
My Prettiest Moments,wednesday
My Prettiest Moments, thursday
A Sea of Her Own,monday
A Sea of Her Own, tuesday
A Sea of Her Own, wednesday
A Sea of Her Own, thursday
A Sea of Her Own, friday
Dal Soon's Spring,monday
Dal Soon's Spring, tuesday
Dal Soon's Spring, wednesday
Dal Soon's Spring, thursday
Dal Soon's Spring, friday
Dear My Sister,monday
Dear My Sister, tuesday
Dear My Sister, wednesday
Dear My Sister, thursday
Dear My Sister, friday
Eunhui,monday
Eunhui, tuesday
Eunhui, wednesday
Eunhui, thursday
Eunhui, friday
In Still Green Days,monday
In Still Green Days, tuesday
In Still Green Days, wednesday
In Still Green Days, thursday
In Still Green Days, friday
Land of Gold,monday
Land of Gold, tuesday
Land of Gold, wednesday
Land of Gold, thursday
Land of Gold, friday
My Mind's Flower Rain,monday
My Mind's Flower Rain, tuesday
My Mind's Flower Rain, wednesday
My Mind's Flower Rain, thursday
My Mind's Flower Rain, friday
Samsaengi,monday
Samsaengi, tuesday
Samsaengi, wednesday
Samsaengi, thursday
Samsaengi, friday
Single-minded Dandelion,monday
Single-minded Dandelion, tuesday
Single-minded Dandelion, wednesday
Single-minded Dandelion, thursday
Single-minded Dandelion, friday
Sunok,monday
Sunok, tuesday
Sunok, wednesday
Sunok, thursday
Sunok, friday
Sunok, saturday
That Sun in the Sky,monday
That Sun in the Sky, tuesday
That Sun in the Sky, wednesday
That Sun in the Sky, thursday
That Sun in the Sky, friday
The Stars Are Shining,monday
The Stars Are Shining, tuesday
The Stars Are Shining, wednesday
The Stars Are Shining, thursday
The Stars Are Shining, friday
Kill Heel,wednesday
Kill Heel, thursday
Kill It,saturday
Kill It, sunday
"Kill Me, Heal Me",wednesday
"Kill Me, Heal Me", thursday
Kim Is a Genius,friday
Kimchi Cheese Smile,monday
Kimchi Cheese Smile, tuesday
Kimchi Cheese Smile, wednesday
Kimchi Cheese Smile, thursday
Kimchi Cheese Smile, friday
Kimchi Family,wednesday
Kimchi Family, thursday
King of Ambition,monday
King of Ambition, tuesday
Kingdom,friday
Kingmaker: The Change of Destiny,saturday
Kingmaker: The Change of Destiny, sunday
Kiss Sixth Sense,wednesday
Kkondae Intern,wednesday
Kkondae Intern, thursday
Korean Peninsula,monday
Korean Peninsula, tuesday
L.U.C.A.: The Beginning,monday
L.U.C.A.: The Beginning, tuesday
Lady Cha Dal-rae's Lover,monday
Lady Cha Dal-rae's Lover, tuesday
Lady Cha Dal-rae's Lover, wednesday
Lady Cha Dal-rae's Lover, thursday
Lady Cha Dal-rae's Lover, friday
Land of Wine,wednesday
Land of Wine, thursday
Last,friday
Last, saturday
Late Night Restaurant,saturday
Law School,wednesday
Law School, thursday
Lawless Lawyer,saturday
Lawless Lawyer, sunday
Lawyers,monday
Lawyers, tuesday
Left-Handed Wife,monday
Left-Handed Wife, tuesday
Left-Handed Wife, wednesday
Left-Handed Wife, thursday
Left-Handed Wife, friday
Legal High,friday
Legal High, saturday
Legend of Hyang Dan,monday
Legend of Hyang Dan, tuesday
Less Than Evil,monday
Less Than Evil, tuesday
Let Me Be Your Knight,sunday
Let Me Introduce Her,saturday
Let's Eat,thursday
Let's Eat 2,monday
Let's Eat 2, tuesday
Let's Eat 3,monday
Let's Eat 3, tuesday
Level Up,wednesday
Level Up, thursday
Leverage,sunday
Liar Game,monday
Liar Game, tuesday
Lie After Lie,friday
Lie After Lie, saturday
Lie to Me,monday
Lie to Me, tuesday
Life,monday
Life, tuesday
Life Is Beautiful,monday
Life Is Beautiful, tuesday
Life on Mars,saturday
Life on Mars, sunday
Lights and Shadows,monday
Lights and Shadows, tuesday
Light on Me,tuesday
Light on Me, thursday
Likeable or Not,monday
Likeable or Not, tuesday
Likeable or Not, wednesday
Likeable or Not, thursday
Likeable or Not, friday
"Link: Eat, Love, Kill",monday
"Link: Eat, Love, Kill", tuesday
Listen to Love,friday
Listen to Love, saturday
Listen to My Heart,saturday
Listen to My Heart, sunday
Little Women,NA
Live,saturday
Live, sunday
Live On,tuesday
Live Up to Your Name,saturday
Live Up to Your Name, sunday
Liver or Die,wednesday
Liver or Die, thursday
Living Among the Rich,monday
Living Among the Rich, tuesday
Living Among the Rich, wednesday
Living Among the Rich, thursday
Living Among the Rich, friday
Living in Style,monday
Living in Style, tuesday
Lobbyist,wednesday
Lobbyist, thursday
Local Hero,saturday
Local Hero, sunday
Look Back in Anger,monday
Look Back in Anger, tuesday
Loss Time Life,thursday
Lost,saturday
Lost, sunday
Love & Secret,friday
Love (ft. Marriage and Divorce),saturday
Love (ft. Marriage and Divorce), sunday
Love Again,wednesday
Love Again, thursday
Love Alarm,thursday
Love Alert,wednesday
Love Alert, thursday
Love All Play,wednesday
Love All Play, thursday
Love and Obsession,monday
Love and Obsession, tuesday
Love and Obsession, wednesday
Love and Obsession, thursday
Love and Obsession, friday
Love and Obsession, saturday
Love Can't Wait,monday
Love Can't Wait, tuesday
Love Can't Wait, wednesday
Love Can't Wait, thursday
Love Can't Wait, friday
Love for a Thousand More,monday
Love for a Thousand More, wednesday
Love for a Thousand More, friday
Love in 3 Colors,NA
Love in Her Bag,monday
Love in Her Bag, tuesday
Love in Sadness,saturday
Love in the Moonlight,monday
Love in the Moonlight, tuesday
Love Me When You Can,monday
Love Me When You Can, tuesday
Love Me When You Can, wednesday
Love Me When You Can, thursday
Love Me When You Can, friday
Love on a Rooftop,monday
Love on a Rooftop, tuesday
Love on a Rooftop, wednesday
Love on a Rooftop, thursday
Love on a Rooftop, friday
Love Playlist,thursday
Love Playlist, saturday
Love Rain,monday
Love Rain, tuesday
Love Returns,monday
Love Returns, tuesday
Love Returns, wednesday
Love Returns, thursday
Love Returns, friday
Love Revolution,thursday
Love Revolution, sunday
Love Scene Number,NA
Love to Hate You,NA
Love to the End,monday
Love to the End, tuesday
Love to the End, wednesday
Love to the End, thursday
Love to the End, friday
Love Twist,monday
Love Twist, tuesday
Love Twist, wednesday
Love Twist, thursday
Love Twist, friday
Love with Flaws,wednesday
Love with Flaws, thursday
Loveholic,monday
Loveholic, tuesday
Lovely Horribly,monday
Lovely Horribly, tuesday
Lovers,monday
Lovers, tuesday
Lovers in Bloom,monday
Lovers in Bloom, tuesday
Lovers in Bloom, wednesday
Lovers in Bloom, thursday
Lovers in Bloom, friday
Lovers in Paris,saturday
Lovers in Paris, sunday
Lovers in Prague,saturday
Lovers in Prague, sunday
Lovers of Haeundae,monday
Lovers of Haeundae, tuesday
Lovers of Music,monday
Lovers of Music, tuesday
Lovers of the Red Sky,monday
Lovers of the Red Sky, tuesday
Lovestruck in the City,tuesday
Lovestruck in the City, friday
Lucky Romance,wednesday
Lucky Romance, thursday
Ma Boy,thursday
Mad Dog,wednesday
Mad Dog, thursday
Madame Antoine: The Love Therapist,friday
Madame Antoine: The Love Therapist, saturday
Magic Cellphone,NA
Magic Kid Masuri,monday
Magic Kid Masuri, tuesday
Magic Kid Masuri, wednesday
Magic Kid Masuri, thursday
Magic Kid Masuri, friday
Make a Woman Cry,saturday
Make a Woman Cry, sunday
Make Your Wish,monday
Make Your Wish, tuesday
Make Your Wish, wednesday
Make Your Wish, thursday
Make Your Wish, friday
Mama,saturday
Mama, sunday
Man from the Equator,wednesday
Man from the Equator, thursday
Man in a Veil,monday
Man in a Veil, tuesday
Man in a Veil, wednesday
Man in a Veil, thursday
Man in a Veil, friday
Man in the Kitchen,saturday
Man in the Kitchen, sunday
Man to Man,friday
Man to Man, saturday
Man Who Dies to Live,wednesday
Man Who Dies to Live, thursday
Manhole,wednesday
Manhole, thursday
Manny,wednesday
Manny, thursday
Marriage Contract,saturday
Marriage Contract, sunday
"Marriage, Not Dating",friday
"Marriage, Not Dating", saturday
Marry Him If You Dare,monday
Marry Him If You Dare, tuesday
Marry Me Now,saturday
Marry Me Now, sunday
Marrying a Millionaire,saturday
Marrying a Millionaire, sunday
Marrying My Daughter Twice,monday
Marrying My Daughter Twice, tuesday
Marrying My Daughter Twice, wednesday
Marrying My Daughter Twice, thursday
Marrying My Daughter Twice, friday
Mask,wednesday
Mask, thursday
Master's Sun,wednesday
Master's Sun, thursday
Matrimonial Chaos,monday
Matrimonial Chaos, tuesday
May Queen,saturday
May Queen, sunday
"Me Too, Flower!",wednesday
"Me Too, Flower!", thursday
Medical Top Team,wednesday
Medical Top Team, thursday
Melancholia,wednesday
Melancholia, thursday
Melody of Love,monday
Melody of Love, tuesday
Melody of Love, wednesday
Melody of Love, thursday
Melody of Love, friday
Meloholic,monday
Meloholic, tuesday
Melting Me Softly,saturday
Melting Me Softly, sunday
Memories of the Alhambra,saturday
Memories of the Alhambra, sunday
Memorials,wednesday
Memorials, thursday
Memorist,wednesday
Memorist, thursday
Memory,friday
Memory, saturday
Men Are Men,monday
Men Are Men, tuesday
Mental Coach Je Gal-gil,NA
Merry Mary,wednesday
Merry Mary, thursday
Military Prosecutor Doberman,monday
Military Prosecutor Doberman, tuesday
Mimi,friday
Mina,monday
Mina, tuesday
Mine,saturday
Mine, sunday
Misaeng: Incomplete Life,friday
Misaeng: Incomplete Life, saturday
Miss Ajumma,monday
Miss Ajumma, tuesday
Miss Ajumma, wednesday
Miss Ajumma, thursday
Miss Ajumma, friday
Miss Korea,wednesday
Miss Korea, thursday
Miss Lee,wednesday
Miss Lee, thursday
Miss Mamma Mia,wednesday
Miss Mamma Mia, thursday
Miss Mermaid,monday
Miss Mermaid, tuesday
Miss Mermaid, wednesday
Miss Mermaid, thursday
Miss Mermaid, friday
Miss Monte-Cristo,monday
Miss Monte-Cristo, tuesday
Miss Monte-Cristo, wednesday
Miss Monte-Cristo, thursday
Miss Monte-Cristo, friday
Miss Panda and Mr. Hedgehog,saturday
Miss Panda and Mr. Hedgehog, sunday
Miss Ripley,monday
Miss Ripley, tuesday
Missing 9,wednesday
Missing 9, thursday
Missing You,wednesday
Missing You, thursday
Missing: The Other Side,saturday
Missing: The Other Side, sunday
Mistress,saturday
Mistress, sunday
Misty,friday
Misty, saturday
Model,wednesday
Model, thursday
Modern Farmer,saturday
Modern Farmer, sunday
Mom Has an Affair,monday
Mom Has an Affair, tuesday
Mom Has an Affair, wednesday
Mom Has an Affair, thursday
Mom Has an Affair, friday
Mom's Dead Upset,saturday
Mom's Dead Upset, sunday
Money Flower,saturday
Money Game,wednesday
Money Game, thursday
Money Heist: Korea – Joint Economic Area,friday
Monstar,friday
Monster,monday
Monster, tuesday
Monstrous,friday
Monthly Magazine Home,wednesday
Monthly Magazine Home, thursday
Moon Embracing the Sun,wednesday
Moon Embracing the Sun, thursday
Moon Lovers: Scarlet Heart Ryeo,monday
Moon Lovers: Scarlet Heart Ryeo, tuesday
Moonshine,monday
Moonshine, tuesday
Moorim School: Saga of the Brave,monday
Moorim School: Saga of the Brave, tuesday
More Than a Maid,friday
More Than a Maid, saturday
More Than Friends,friday
More Than Friends, saturday
Mother of Mine,saturday
Mother of Mine, sunday
Mother's Garden,monday
Mother's Garden, tuesday
Mother's Garden, wednesday
Mother's Garden, thursday
Mother's Garden, friday
Mouse,wednesday
Mouse, thursday
Move to Heaven,friday
Moving,NA
Mr. Back,wednesday
Mr. Back, thursday
Mr. Duke,wednesday
Mr. Duke, thursday
Mr. Queen,saturday
Mr. Queen, sunday
Mr. Sunshine,saturday
Mr. Sunshine, sunday
Mrs. Cop,monday
Mrs. Cop, tuesday
Mrs. Cop 2,saturday
Mrs. Cop 2, sunday
Ms. Hammurabi,monday
Ms. Hammurabi, tuesday
"Ms. Ma, Nemesis",saturday
Ms. Perfect,monday
Ms. Perfect, tuesday
My Absolute Boyfriend,wednesday
My Absolute Boyfriend, thursday
My Beautiful Bride,saturday
My Beautiful Bride, sunday
My Beloved Sister,saturday
My Beloved Sister, sunday
"My Contracted Husband, Mr. Oh",saturday
My Country: The New Age,friday
My Country: The New Age, saturday
My Dangerous Wife,monday
My Dangerous Wife, tuesday
My Daughter the Flower,monday
My Daughter the Flower, tuesday
My Daughter the Flower, wednesday
My Daughter the Flower, thursday
My Daughter the Flower, friday
"My Daughter, Geum Sa-wol",saturday
"My Daughter, Geum Sa-wol", sunday
My Dear Cat,monday
My Dear Cat, tuesday
My Dear Cat, wednesday
My Dear Cat, thursday
My Dear Cat, friday
My Fair Lady,wednesday
My Fair Lady, thursday
My Father Is Strange,saturday
My Father Is Strange, sunday
My Fellow Citizens!,monday
My Fellow Citizens!, tuesday
My First First Love,NA
My First Love,monday
My First Love, tuesday
My First Time,friday
My First Time, monday
My First Time, wednesday
My Golden Life,saturday
My Golden Life, sunday
My Healing Love,sunday
My Heart Twinkle Twinkle,saturday
My Heart Twinkle Twinkle, sunday
My Holo Love,friday
My Horrible Boss,friday
My Horrible Boss, saturday
My Husband Got a Family,saturday
My Husband Got a Family, sunday
My Husband's Woman,monday
My Husband's Woman, tuesday
My Kids Give Me a Headache,saturday
My Kids Give Me a Headache, sunday
"My Lawyer, Mr. Jo",monday
"My Lawyer, Mr. Jo", tuesday
"My Lawyer, Mr. Jo 2: Crime and Punishment",monday
"My Lawyer, Mr. Jo 2: Crime and Punishment", tuesday
My Liberation Notes,saturday
My Liberation Notes, sunday
My Little Baby,saturday
My Love By My Side,saturday
My Love By My Side, sunday
My Love from the Star,wednesday
My Love from the Star, thursday
My Love Patzzi,monday
My Love Patzzi, tuesday
My Lovely Girl,wednesday
My Lovely Girl, thursday
My Mister,wednesday
My Mister, thursday
My Mother Is a Daughter-in-law,monday
My Mother Is a Daughter-in-law, wednesday
My Mother Is a Daughter-in-law, thursday
My Mother Is a Daughter-in-law, friday
My Mother Is a Daughter-in-law, tuesday
My Name,friday
My Only Love Song,NA
My Only One,saturday
My Only One, sunday
My Roommate Is a Gumiho,wednesday
My Roommate Is a Gumiho, thursday
My Rosy Life,wednesday
My Rosy Life, thursday
My Runway,NA
My Sassy Girl,monday
My Sassy Girl, tuesday
My Secret Hotel,monday
My Secret Hotel, tuesday
My Secret Romance,monday
My Secret Romance, tuesday
My Secret Terrius,wednesday
My Secret Terrius, thursday
My Spring Days,wednesday
My Spring Days, thursday
My Strange Hero,monday
My Strange Hero, tuesday
My Too Perfect Sons,saturday
My Too Perfect Sons, sunday
My Unfamiliar Family,monday
My Unfamiliar Family, tuesday
My Unfortunate Boyfriend,friday
My Unfortunate Boyfriend, saturday
Mysterious Personal Shopper,monday
Mysterious Personal Shopper, tuesday
Mysterious Personal Shopper, wednesday
Mysterious Personal Shopper, thursday
Mysterious Personal Shopper, friday
Mystic Pop-up Bar,wednesday
Mystic Pop-up Bar, thursday
Naeil's Cantabile,monday
Naeil's Cantabile, tuesday
Naked Fireman,wednesday
Naked Fireman, thursday
Navillera,monday
Navillera, tuesday
Never Twice,saturday
Nevertheless,saturday
New Heart,wednesday
New Heart, thursday
Nice Witch,saturday
Night Light,monday
Night Light, tuesday
Nine,friday
No Matter What,monday
No Matter What, tuesday
No Matter What, wednesday
No Matter What, thursday
No Matter What, friday
"No, Thank You",saturday
"Noble, My Love",monday
"Noble, My Love", tuesday
"Noble, My Love", wednesday
"Noble, My Love", thursday
"Noble, My Love", sunday
Nobody Knows,monday
Nobody Knows, tuesday
Nokdu Flower,friday
Nokdu Flower, saturday
Nonstop,monday
Nonstop, tuesday
Nonstop, wednesday
Nonstop, thursday
Nonstop, friday
"Now, We Are Breaking Up",friday
"Now, We Are Breaking Up", saturday
Oh Feel Young,monday
Oh Feel Young, tuesday
Oh My Baby,wednesday
Oh My Baby, thursday
Oh My Ghost,friday
Oh My Ghost, saturday
Oh My Ladylord,wednesday
Oh My Ladylord, thursday
Oh My Venus,monday
Oh My Venus, tuesday
Oh! My Lady,wednesday
Oh! My Lady, thursday
"Oh, the Mysterious",monday
"Oh, the Mysterious", tuesday
Ohlala Couple,monday
Ohlala Couple, tuesday
Ojakgyo Family,saturday
Ojakgyo Family, sunday
On Air,wednesday
On Air, thursday
On the Verge of Insanity,wednesday
On the Verge of Insanity, thursday
On the Way to the Airport,wednesday
On the Way to the Airport, thursday
Once Again,saturday
Once Again, sunday
One Fine Day,saturday
One Fine Day, sunday
One More Happy Ending,wednesday
One More Happy Ending, thursday
One More Time,wednesday
One Ordinary Day,saturday
One Ordinary Day, sunday
One Spring Night,thursday
One Spring Night, wednesday
One Sunny Day,NA
One the Woman,friday
One the Woman, saturday
One Thousand Won Lawyer,NA
One Warm Word,monday
One Warm Word, tuesday
One Well-Raised Daughter,monday
One Well-Raised Daughter, tuesday
One Well-Raised Daughter, wednesday
One Well-Raised Daughter, thursday
One Well-Raised Daughter, friday
Only Love,monday
Only Love, tuesday
Only Love, wednesday
Only Love, thursday
Only Love, friday
Only You,monday
Only You, tuesday
Only You, wednesday
Only You, thursday
Only You, friday
Only You, saturday
Operation Proposal,wednesday
Operation Proposal, thursday
Orange Marmalade,friday
Our Beloved Summer,monday
Our Beloved Summer, tuesday
Our Blues,saturday
Our Blues, sunday
Our Gap-soon,saturday
Our Gap-soon, sunday
Over the Rainbow,wednesday
Over the Rainbow, thursday
Pachinko,friday
Padam Padam,monday
Padam Padam, tuesday
Papa,wednesday
Papa, thursday
Partners for Justice,monday
Partners for Justice, tuesday
Passionate Love,saturday
Passionate Love, sunday
Pegasus Market,friday
Perfume,monday
Perfume, tuesday
Persona,NA
Phantom,wednesday
Phantom, thursday
Phoenix,monday
Phoenix, tuesday
Phoenix 2020,monday
Phoenix 2020, tuesday
Phoenix 2020, wednesday
Phoenix 2020, thursday
Phoenix 2020, friday
Piano,wednesday
Piano, thursday
Pied Piper,monday
Pied Piper, tuesday
Pink Lipstick,monday
Pink Lipstick, tuesday
Pink Lipstick, wednesday
Pink Lipstick, thursday
Pink Lipstick, friday
Pinocchio,wednesday
Pinocchio, thursday
Player,saturday
Player, sunday
"Please Come Back, Soon-ae",wednesday
"Please Come Back, Soon-ae", thursday
Please Don't Date Him,tuesday
Plus Nine Boys,friday
Plus Nine Boys, saturday
Police University,monday
Police University, tuesday
"Poong, the Joseon Psychiatrist",monday
"Poong, the Joseon Psychiatrist", tuesday
Poseidon,monday
Poseidon, tuesday
Possessed,wednesday
Possessed, thursday
Potato Star 2013QR3,monday
Potato Star 2013QR3, tuesday
Potato Star 2013QR3, wednesday
Potato Star 2013QR3, thursday
Pots of Gold,saturday
Pots of Gold, sunday
Precious Family,saturday
Precious Family, sunday
Pride and Prejudice,monday
Pride and Prejudice, tuesday
Priest,saturday
Priest, sunday
Prime Minister & I,monday
Prime Minister & I, tuesday
Princess Aurora,monday
Princess Aurora, tuesday
Princess Aurora, wednesday
Princess Aurora, thursday
Princess Aurora, friday
Princess Hours,NA
Prison Playbook,wednesday
Prison Playbook, thursday
Private Lives,wednesday
Private Lives, thursday
Protect the Boss,wednesday
Protect the Boss, thursday
Psychopath Diary,wednesday
Psychopath Diary, thursday
Punch,monday
Punch, tuesday
Pure Love,monday
Pure Love, tuesday
Pure Love, wednesday
Pure Love, thursday
Pure Love, friday
Pure Pumpkin Flower,monday
Pure Pumpkin Flower, tuesday
Pure Pumpkin Flower, wednesday
Pure Pumpkin Flower, thursday
Pure Pumpkin Flower, friday
Que Sera Sera,NA
Queen and I,wednesday
Queen and I, thursday
Queen for Seven Days,wednesday
Queen for Seven Days, thursday
Queen of Mystery,wednesday
Queen of Mystery, thursday
Queen of Mystery 2,wednesday
Queen of Mystery 2, thursday
Queen: Love and War,saturday
Queen: Love and War, sunday
Quiz of God,friday
Racket Boys,monday
Racket Boys, tuesday
Radiant Office,wednesday
Radiant Office, thursday
Radio Romance,monday
Radio Romance, tuesday
Rain or Shine,monday
Rain or Shine, tuesday
Record of Youth,monday
Record of Youth, tuesday
Red Shoes,monday
Red Shoes, tuesday
Red Shoes, wednesday
Red Shoes, thursday
Red Shoes, friday
Reflection of You,wednesday
Reflection of You, thursday
Remarriage & Desires,friday
Remember,wednesday
Remember, thursday
Replay: The Moment,tuesday
Replay: The Moment, friday
Reply Series,friday
Reply Series, saturday
Reply 1988,friday
Reply 1988, saturday
Reply 1994,friday
Reply 1994, saturday
Reply 1997,tuesday
Reset,sunday
Resurrection,wednesday
Resurrection, thursday
Return,wednesday
Return, thursday
Reunited Worlds,wednesday
Reunited Worlds, thursday
Reverse,monday
Reverse, tuesday
Reverse, wednesday
Reverse, thursday
Reverse, friday
Revolutionary Love,saturday
Revolutionary Love, sunday
Revolutionary Sisters,saturday
Revolutionary Sisters, sunday
Rich Man,wednesday
Rich Man, thursday
Righteous Love,monday
Righteous Love, tuesday
Risky Romance,monday
Risky Romance, tuesday
River Where the Moon Rises,monday
River Where the Moon Rises, tuesday
Robber,wednesday
Robber, thursday
Romance,wednesday
Romance, thursday
Romance Is a Bonus Book,saturday
Romance Is a Bonus Book, sunday
Romance Town,wednesday
Romance Town, thursday
Rooftop Prince,wednesday
Rooftop Prince, thursday
Rookie Historian Goo Hae-ryung,wednesday
Rookie Historian Goo Hae-ryung, thursday
Rookie Cops,wednesday
Room No. 9,saturday
Room No. 9, sunday
Rose Mansion,friday
Rosy Lovers,saturday
Rosy Lovers, sunday
Royal Secret Agent,monday
Royal Secret Agent, tuesday
Ruby Ring,monday
Ruby Ring, tuesday
Ruby Ring, wednesday
Ruby Ring, thursday
Ruby Ring, friday
Ruby Ruby Love,wednesday
Ruby Ruby Love, thursday
Rugal,saturday
Rugal, sunday
Ruler of Your Own World,wednesday
Ruler of Your Own World, thursday
Run On,wednesday
Run On, thursday
"Run, Jang-mi",monday
"Run, Jang-mi", tuesday
"Run, Jang-mi", wednesday
"Run, Jang-mi", thursday
"Run, Jang-mi", friday
Rustic Period,monday
Rustic Period, tuesday
Sad Love Story,wednesday
"Saimdang, Memoir of Colors",wednesday
"Saimdang, Memoir of Colors", thursday
Salamander Guru and The Shadows,friday
Salut D'Amour,NA
Sandglass,monday
Sandglass, tuesday
Sandglass, wednesday
Sandglass, thursday
Sandglass, friday
Save Me,saturday
Save Me, sunday
Save Me 2,wednesday
Save Me 2, thursday
Save the Family,monday
Save the Family, tuesday
Save the Family, wednesday
Save the Family, thursday
Save the Family, friday
Save the Last Dance for Me,saturday
Save the Last Dance for Me, sunday
Say It with Your Eyes,sunday
Scent of a Woman,saturday
Scent of a Woman, sunday
School 2013,monday
School 2013, tuesday
School 2017,monday
School 2017, tuesday
School 2021,wednesday
School 2021, thursday
Who Are You: School 2015,monday
Who Are You: School 2015, tuesday
Schoolgirl Detectives,tuesday
Schoolgirl Detectives, wednesday
Search,saturday
Search, sunday
Search: WWW,wednesday
Search: WWW, thursday
Second 20s,friday
Second 20s, saturday
Second to Last Love,saturday
Second to Last Love, sunday
Secret,wednesday
Secret Affair,monday
Secret Affair, tuesday
Secret Boutique,wednesday
Secret Boutique, thursday
Secret Door,monday
Secret Door, tuesday
Secret Healer,friday
Secret Healer, saturday
Secret Love,friday
Secret Mother,saturday
Secret Royal Inspector & Joy,monday
Secret Royal Inspector & Joy, tuesday
Secrets and Lies,monday
Secrets and Lies, tuesday
Secrets and Lies, wednesday
Secrets and Lies, thursday
Secrets and Lies, friday
Secrets of Women,monday
Secrets of Women, tuesday
Secrets of Women, wednesday
Secrets of Women, thursday
Secrets of Women, friday
Sell Your Haunted House,wednesday
Sell Your Haunted House, thursday
Semantic Error,wednesday
Semantic Error, thursday
Seoul 1945,saturday
Seoul 1945, sunday
"Seoyoung, My Daughter",saturday
"Seoyoung, My Daughter", sunday
She Knows Everything,wednesday
She Knows Everything, thursday
She Was Pretty,wednesday
She Was Pretty, thursday
She Would Never Know,monday
She Would Never Know, tuesday
Shine or Go Crazy,monday
Shine or Go Crazy, tuesday
Shining Romance,monday
Shining Romance, tuesday
Shining Romance, wednesday
Shining Romance, thursday
Shining Romance, friday
Shopping King Louie,wednesday
Shopping King Louie, thursday
Short,monday
Short, tuesday
Should We Kiss First?,monday
Should We Kiss First?, tuesday
Show Window: The Queen's House,monday
Show Window: The Queen's House, tuesday
Sh**ting Stars,friday
Sh**ting Stars, saturday
Signal,friday
Signal, saturday
Sin Don,saturday
Sin Don, sunday
Single Dad in Love,monday
Single Dad in Love, tuesday
Sisters of the Sea,monday
Sisters of the Sea, tuesday
Sisters of the Sea, wednesday
Sisters of the Sea, thursday
Sisters of the Sea, friday
Sisters of the Sea, saturday
Sisyphus: The Myth,wednesday
Sisyphus: The Myth, thursday
Six Flying Dragons,monday
Six Flying Dragons, tuesday
Sketch,friday
Sketch, saturday
Sky Castle,friday
Sky Castle, saturday
Smile Again,wednesday
Smile Again, thursday
"Smile, Mom",saturday
"Smile, Mom", sunday
Snow Flower,monday
Snow Flower, tuesday
Snowdrop,saturday
Snowdrop, sunday
So I Married the Anti-fan,friday
So I Married the Anti-fan, saturday
So Not Worth It,friday
Solomon's Perjury,friday
Solomon's Perjury, saturday
Somebody,NA
Someday,friday
Something About 1%,wednesday
Something About 1%, thursday
Something About 1 Percent,wednesday
Something About 1 Percent, thursday
Something About Us,NA
Something Happened in Bali,NA
Something in the Rain,friday
Something in the Rain, saturday
Songgot: The Piercer,saturday
Songgot: The Piercer, sunday
Soul Mechanic,wednesday
Soul Mechanic, thursday
Soundtrack 1,wednesday
Special Affairs Team TEN,friday
Special Labor Inspector,monday
Special Labor Inspector, tuesday
Splendid Politics,monday
Splendid Politics, tuesday
Sponsor,wednesday
Sponsor, thursday
Spotlight,wednesday
Spotlight, thursday
Spring Day,saturday
Spring Day, sunday
Spring Turns to Spring,thursday
Spring Turns to Spring, wednesday
Spy,friday
Spy Myung-wol,monday
Spy Myung-wol, tuesday
Squad 38,friday
Squad 38, saturday
Squid Game,friday
Stained Glass,wednesday
Stained Glass, thursday
Standby,monday
Standby, tuesday
Standby, wednesday
Standby, thursday
Standby, friday
Star in My Heart,monday
Star in My Heart, tuesday
Stars Falling from the Sky,thursday
Stars Falling from the Sky, wednesday
Start-Up,saturday
Start-Up, sunday
Star's Echo,friday
Star's Lover,wednesday
Star's Lover, thursday
Steal Heart,monday
Steal Heart, tuesday
Still 17,monday
Still 17, tuesday
Still You,monday
Still You, tuesday
Still You, wednesday
Still You, thursday
Still You, friday
Stranger,saturday
Stranger, sunday
Strong Girl Bong-soon,friday
Strong Girl Bong-soon, saturday
Strongest Deliveryman,friday
Strongest Deliveryman, saturday
Suits,wednesday
Suits, thursday
Sunlight Pours Down,wednesday
Sunlight Pours Down, thursday
Sunny Again Tomorrow,monday
Sunny Again Tomorrow, tuesday
Sunny Again Tomorrow, wednesday
Sunny Again Tomorrow, thursday
Sunny Again Tomorrow, friday
Super Daddy Yeol,friday
Super Daddy Yeol, saturday
Super Rookie,wednesday
Super Rookie, thursday
Surgeon Bong Dal-hee,wednesday
Surgeon Bong Dal-hee, thursday
Suspicious Partner,wednesday
Suspicious Partner, thursday
Sweden Laundry,friday
Sweet Buns,sunday
Sweet Enemy,monday
Sweet Enemy, tuesday
Sweet Enemy, wednesday
Sweet Enemy, thursday
Sweet Enemy, friday
Sweet Home,friday
"Sweet Home, Sweet Honey",monday
"Sweet Home, Sweet Honey", tuesday
"Sweet Home, Sweet Honey", wednesday
"Sweet Home, Sweet Honey", thursday
"Sweet Home, Sweet Honey", friday
Sweet Munchies,monday
Sweet Munchies, tuesday
Sweet Revenge,friday
Sweet Revenge 2,monday
Sweet Revenge 2, tuesday
Sweet Spy,monday
Sweet Spy, tuesday
Sweet Stranger and Me,monday
Sweet Stranger and Me, tuesday
"Sweet, Savage Family",wednesday
"Sweet, Savage Family", thursday
Switch,wednesday
Switch, thursday
Syndrome,monday
Syndrome, tuesday
Taejo Wang Geon,saturday
Taejo Wang Geon, sunday
"Take Care of Us, Captain",wednesday
"Take Care of Us, Captain", thursday
Tale of Fairy,tuesday
Tale of Fairy, monday
Tale of the Nine Tailed,wednesday
Tale of the Nine Tailed, thursday
Tasty Life,saturday
Tasty Life, sunday
Taxi Driver,friday
Taxi Driver, saturday
Tazza,monday
Tazza, tuesday
Team Bulldog: Off-Duty Investigation,saturday
Team Bulldog: Off-Duty Investigation, sunday
Tears of Heaven,saturday
Tears of Heaven, sunday
Tears of the Dragon,saturday
Tears of the Dragon, sunday
Tell Me What You Saw,saturday
Tell Me What You Saw, sunday
Temperature of Love,monday
Temperature of Love, tuesday
Temptation,monday
Temptation, tuesday
Temptation of Wife,monday
Temptation of Wife, tuesday
Temptation of Wife, wednesday
Temptation of Wife, thursday
Temptation of Wife, friday
Tempted,monday
Tempted, tuesday
Terroir,monday
Terroir, tuesday
Thank You,wednesday
Thank You, thursday
"That Winter, the Wind Blows",wednesday
"That Winter, the Wind Blows", thursday
The Accidental Narco,NA
The All-Round Wife,monday
The All-Round Wife, tuesday
The All-Round Wife, wednesday
The All-Round Wife, thursday
The All-Round Wife, friday
The Banker,wednesday
The Banker, thursday
The Beauty Inside,monday
The Beauty Inside, tuesday
The Birth of a Family,monday
The Birth of a Family, tuesday
The Birth of a Family, wednesday
The Birth of a Family, thursday
The Birth of a Family, friday
The Blade and Petal,wednesday
The Blade and Petal, thursday
The Bride of Habaek,monday
The Bride of Habaek, tuesday
The Chaser,monday
The Chaser, tuesday
The Clinic for Married Couples: Love and War,friday
The Cursed,monday
The Cursed, tuesday
The Crowned Clown,monday
The Crowned Clown, tuesday
The Dawn of the Empire,saturday
The Dawn of the Empire, sunday
The Devil,NA
The Devil Judge,saturday
The Devil Judge, sunday
The Doctors,monday
The Doctors, tuesday
The Eldest,saturday
The Eldest, sunday
The Emperor: Owner of the Mask,wednesday
The Emperor: Owner of the Mask, thursday
The Empire of Law,NA
The End of the World,saturday
The End of the World, sunday
The Family is Coming,saturday
The Family is Coming, sunday
The Fiery Priest,friday
The Fiery Priest, saturday
The Forbidden Marriage,NA
The Fugitive of Joseon,wednesday
The Fugitive of Joseon, thursday
The Game: Towards Zero,wednesday
The Game: Towards Zero, thursday
The Gentlemen of Wolgyesu Tailor Shop,saturday
The Gentlemen of Wolgyesu Tailor Shop, sunday
The Ghost Detective,wednesday
The Ghost Detective, thursday
The Good Detective,monday
The Good Detective, tuesday
The Good Wife,friday
The Good Wife, saturday
"The Great King, Sejong",saturday
"The Great King, Sejong", sunday
The Great Merchant,saturday
The Great Merchant, sunday
The Great Seer,wednesday
The Great Seer, thursday
The Great Shaman Ga Doo-shim,friday
The Great Show,monday
The Great Show, tuesday
The Greatest Love,wednesday
The Greatest Love, thursday
The Greatest Marriage,saturday
The Guardians,monday
The Guardians, tuesday
The Guest,wednesday
The Guest, thursday
The Heirs,wednesday
The Heirs, thursday
The Hymn of Death,monday
The Hymn of Death, tuesday
The Idle Mermaid,thursday
The Idolmaster KR,friday
The Innocent Man,wednesday
The Innocent Man, thursday
The Jingbirok: A Memoir of Imjin War,saturday
The Jingbirok: A Memoir of Imjin War, sunday
The K2,friday
The K2, saturday
The Killer's Shopping List,wednesday
The Killer's Shopping List, thursday
The King 2 Hearts,wednesday
The King 2 Hearts, thursday
The King and I,monday
The King and I, tuesday
The King and the Queen,saturday
The King and the Queen, sunday
The King in Love,monday
The King in Love, tuesday
The King of Chudong Palace,thursday
The King of Chudong Palace, friday
The King of Dramas,monday
The King of Dramas, tuesday
The King of Pigs,friday
"The King of Tears, Lee Bang-won",saturday
"The King of Tears, Lee Bang-won", sunday
The King: Eternal Monarch,friday
The King: Eternal Monarch, saturday
The King's Affection,monday
The King's Affection, tuesday
"The King's Daughter, Soo Baek-hyang",monday
"The King's Daughter, Soo Baek-hyang", tuesday
"The King's Daughter, Soo Baek-hyang", wednesday
"The King's Daughter, Soo Baek-hyang", thursday
"The King's Daughter, Soo Baek-hyang", friday
The King's Doctor,monday
The King's Doctor, tuesday
The King's Face,wednesday
The King's Face, thursday
The Lady in Dignity,friday
The Lady in Dignity, saturday
The Last Empress,wednesday
The Last Empress, thursday
The Last Match,monday
The Last Match, tuesday
The Law Cafe,NA
The Legend of the Blue Sea,wednesday
The Legend of the Blue Sea, thursday
The Liar and His Lover,monday
The Liar and His Lover, tuesday
The Lies Within,saturday
The Lies Within, sunday
The Light in Your Eyes,monday
The Light in Your Eyes, tuesday
The Lover,thursday
The Man in the Mask,wednesday
The Man in the Mask, thursday
The Master of Revenge,wednesday
The Master of Revenge, thursday
The Merchant,monday
The Merchant, tuesday
The Merchant, wednesday
The Merchant, thursday
The Merchant, friday
The Merchant, saturday
The Merchant: Gaekju 2015,wednesday
The Merchant: Gaekju 2015, thursday
The Miracle,NA
The Miracle We Met,monday
The Miracle We Met, tuesday
The Most Beautiful Goodbye,saturday
The Most Beautiful Goodbye, sunday
The Musical,friday
The Mysterious Class,friday
The Noblesse,monday
The Noblesse, tuesday
The Noblesse, wednesday
The Noblesse, thursday
The Noblesse, friday
The One and Only,monday
The One and Only, tuesday
The Package,friday
The Package, saturday
The Penthouse: War in Life,monday
The Penthouse: War in Life, tuesday
The Police Station Next to the Fire Station,NA
The Princess' Man,wednesday
The Princess' Man, thursday
The Producers,friday
The Producers, saturday
The Promise,monday
The Promise, tuesday
The Promise, wednesday
The Promise, thursday
The Promise, friday
The Queen of Office,monday
The Queen of Office, tuesday
The Queen's Classroom,wednesday
The Queen's Classroom, thursday
The Rebel,monday
The Rebel, tuesday
The Red Sleeve,friday
The Red Sleeve, saturday
The Reputable Family,saturday
The Reputable Family, sunday
The Return of Hwang Geum-bok,monday
The Return of Hwang Geum-bok, tuesday
The Return of Hwang Geum-bok, wednesday
The Return of Hwang Geum-bok, thursday
The Return of Hwang Geum-bok, friday
The Rich Son,sunday
The Road Home,monday
The Road Home, tuesday
The Road Home, wednesday
The Road Home, thursday
The Road Home, friday
The Road: The Tragedy of One,wednesday
The Road: The Tragedy of One, thursday
The Royal Gambler,monday
The Royal Gambler, tuesday
The Running Mates: Human Rights,wednesday
The Running Mates: Human Rights, thursday
The Scandal,saturday
The Scandal, sunday
The Scholar Who Walks the Night,wednesday
The Scholar Who Walks the Night, thursday
The School Nurse Files,friday
The Second Husband,monday
The Second Husband, tuesday
The Second Husband, wednesday
The Second Husband, thursday
The Second Husband, friday
The Secret House,monday
The Secret House, tuesday
The Secret House, wednesday
The Secret House, thursday
The Secret House, friday
The Secret Life of My Secretary,monday
The Secret Life of My Secretary, tuesday
The Secret Lovers,monday
The Secret Lovers, tuesday
The Secret of Birth,saturday
The Secret of Birth, sunday
The Secret of My Love,monday
The Secret of My Love, tuesday
The Secret of My Love, wednesday
The Secret of My Love, thursday
The Secret of My Love, friday
The Silent Sea,friday
The Smile Has Left Your Eyes,thursday
The Smile Has Left Your Eyes, wednesday
The Sound of Magic,friday
The Sound of Your Heart,monday
The Sound of Your Heart, thursday
The Spies Who Loved Me,wednesday
The Spies Who Loved Me, thursday
The Suspicious Housekeeper,monday
The Suspicious Housekeeper, tuesday
The Tale of Nokdu,monday
The Tale of Nokdu, tuesday
The Third Charm,friday
The Third Charm, saturday
The Third Hospital,wednesday
The Third Hospital, thursday
The Three Musketeers,sunday
The Time We Were Not in Love,saturday
The Time We Were Not in Love, sunday
The Uncanny Counter,saturday
The Uncanny Counter, sunday
The Undateables,wednesday
The Undateables, thursday
The Vampire Detective,sunday
The Veil,friday
The Veil, saturday
The Village: Achiara's Secret,wednesday
The Village: Achiara's Secret, thursday
The Virtual Bride,monday
The Virtual Bride, tuesday
The Virus,friday
The Wedding Scheme,monday
The Wedding Scheme, tuesday
The Wind Blows,monday
The Wind Blows, tuesday
The Witch's Diner,friday
The World of the Married,friday
The World of the Married, saturday
The Youngest Son of a Conglomerate,NA
Thirty-Nine,wednesday
Thirty-Nine, thursday
This Is My Love,friday
This Is My Love, saturday
Thousand Years of Love,monday
Thousand Years of Love, wednesday
Thousand Years of Love, friday
Three Color Fantasy,monday
Three Color Fantasy, tuesday
Three Color Fantasy, wednesday
Three Color Fantasy, thursday
Three Color Fantasy, friday
Queen of the Ring,monday
Queen of the Ring, tuesday
Queen of the Ring, wednesday
Queen of the Ring, thursday
Queen of the Ring, friday
Romance Full of Life,monday
Romance Full of Life, tuesday
Romance Full of Life, wednesday
Romance Full of Life, thursday
Romance Full of Life, friday
The Universe's Star,monday
The Universe's Star, tuesday
The Universe's Star, wednesday
The Universe's Star, thursday
The Universe's Star, friday
Three Days,wednesday
Three Days, thursday
Three Friends,monday
Three Sisters,monday
Three Sisters, tuesday
Three Sisters, wednesday
Three Sisters, thursday
Three Sisters, friday
Thrice Married Woman,saturday
Thrice Married Woman, sunday
Through the Darkness,friday
Through the Darkness, saturday
Times,saturday
Times, sunday
To My Beloved,wednesday
To My Beloved, thursday
To the Beautiful You,wednesday
To the Beautiful You, thursday
Today's Webtoon,friday
Today's Webtoon, saturday
"Toji, the Land",saturday
"Toji, the Land", sunday
Tokyo Sun Shower,monday
Tokyo Sun Shower, tuesday
Tomorrow,friday
Tomorrow, saturday
Tomorrow Boy,NA
"Tomorrow, with You",friday
"Tomorrow, with You", saturday
Top Management,wednesday
Top Star U-back,friday
Touch,friday
Touch, saturday
Touch Your Heart,wednesday
Touch Your Heart, thursday
Tracer,friday
Tracer, saturday
Train,saturday
Train, sunday
Trap,saturday
Trap, sunday
Triangle,monday
Triangle, tuesday
Trio,wednesday
Trio, thursday
Trolley,NA
True Beauty,wednesday
True Beauty, thursday
True Sword Battle,NA
Tunnel,saturday
Tunnel, sunday
Twelve Nights,friday
Two Cops,monday
Two Cops, tuesday
Two Mothers,monday
Two Mothers, tuesday
Two Mothers, wednesday
Two Mothers, thursday
Two Mothers, friday
Two Weeks,wednesday
Two Weeks, thursday
Two Wives,monday
Two Wives, tuesday
Two Wives, wednesday
Two Wives, thursday
Two Wives, friday
Two Women's Room,monday
Two Women's Room, tuesday
Two Women's Room, wednesday
Two Women's Room, thursday
Two Women's Room, friday
Ugly Alert,monday
Ugly Alert, tuesday
Ugly Alert, wednesday
Ugly Alert, thursday
Ugly Alert, friday
Ugly Miss Young-ae,monday
Ugly Miss Young-ae, tuesday
Unasked Family,monday
Unasked Family, tuesday
Unasked Family, wednesday
Unasked Family, thursday
Unasked Family, friday
Uncle,saturday
Uncle, sunday
Uncontrollably Fond,wednesday
Uncontrollably Fond, thursday
Undercover,friday
Undercover, saturday
Unkind Ladies,wednesday
Unkind Ladies, thursday
Unknown Woman,monday
Unknown Woman, tuesday
Unknown Woman, wednesday
Unknown Woman, thursday
Unknown Woman, friday
Unstoppable Marriage,monday
Unstoppable Marriage, tuesday
Unstoppable Marriage, wednesday
Unstoppable Marriage, thursday
Unstoppable Marriage, friday
Until the Azalea Blooms,monday
Until the Azalea Blooms, tuesday
Untouchable,friday
Untouchable, saturday
Vagabond,friday
Vagabond, saturday
Vampire Idol,monday
Vampire Idol, tuesday
Vampire Idol, wednesday
Vampire Idol, thursday
Vampire Idol, friday
Vampire Prosecutor,sunday
Vincenzo,saturday
Vincenzo, sunday
VIP,monday
VIP, tuesday
Voice,saturday
Voice, sunday
W,wednesday
W, thursday
Wang's Family,saturday
Wang's Family, sunday
Want a Taste?,monday
Want a Taste?, tuesday
Want a Taste?, wednesday
Want a Taste?, thursday
Want a Taste?, friday
Wanted,wednesday
Wanted, thursday
War of Money,wednesday
War of Money, thursday
Warm and Cozy,wednesday
Warm and Cozy, thursday
Warrior Baek Dong-soo,monday
Warrior Baek Dong-soo, tuesday
Was It Love?,wednesday
Was It Love?, thursday
Watcher,saturday
Watcher, sunday
We Are Dating Now,wednesday
We Are Dating Now, thursday
We Broke Up,monday
We Broke Up, wednesday
We Broke Up, friday
Webtoon Hero Toondra Show,thursday
Wedding,monday
Wednesday 3:30 PM,friday
Weightlifting Fairy Kim Bok-joo,wednesday
Weightlifting Fairy Kim Bok-joo, thursday
Welcome,saturday
Welcome, sunday
Welcome 2 Life,monday
Welcome 2 Life, tuesday
Welcome Rain to My Life,monday
Welcome Rain to My Life, tuesday
Welcome Rain to My Life, wednesday
Welcome Rain to My Life, thursday
Welcome Rain to My Life, friday
Welcome to Waikiki,monday
Welcome to Waikiki, tuesday
Welcome to Waikiki 2,monday
Welcome to Waikiki 2, tuesday
Welcome to Wedding Hell,monday
Welcome to Wedding Hell, tuesday
Welcome to Wedding Hell, wednesday
West Palace,monday
West Palace, tuesday
What Happens to My Family?,saturday
What Happens to My Family?, sunday
What's for Dinner?,monday
What's for Dinner?, tuesday
What's for Dinner?, wednesday
What's for Dinner?, thursday
What's for Dinner?, friday
What's Up,saturday
What's Up, sunday
What's Up Fox,wednesday
What's Up Fox, thursday
What's Wrong with Secretary Kim,wednesday
What's Wrong with Secretary Kim, thursday
When a Man Falls in Love,wednesday
When a Man Falls in Love, thursday
When I Was the Most Beautiful,wednesday
When I Was the Most Beautiful, thursday
When My Love Blooms,saturday
When My Love Blooms, sunday
When the Camellia Blooms,wednesday
When the Camellia Blooms, thursday
When the Devil Calls Your Name,wednesday
When the Devil Calls Your Name, thursday
When the Weather Is Fine,monday
When the Weather Is Fine, tuesday
When Women Powder Twice,monday
When Women Powder Twice, tuesday
When Women Powder Twice, wednesday
When Women Powder Twice, thursday
When Women Powder Twice, friday
Where Stars Land,monday
Where Stars Land, tuesday
Where Your Eyes Linger,friday
Which Star Are You From,monday
Which Star Are You From, tuesday
While You Were Sleeping,monday
While You Were Sleeping, tuesday
While You Were Sleeping, wednesday
While You Were Sleeping, thursday
While You Were Sleeping, friday
Whisper,monday
Whisper, tuesday
White Nights 3.98,monday
White Nights 3.98, tuesday
Who Are You?,monday
Who Are You?, tuesday
Why Her,friday
Why Her, saturday
Wife Returns,monday
Wife Returns, tuesday
Wife Returns, wednesday
Wife Returns, thursday
Wife Returns, friday
Wild Romance,wednesday
Wild Romance, thursday
Witch at Court,monday
Witch at Court, tuesday
Witch's Love,wednesday
Witch's Love, thursday
Wok of Love,monday
Wok of Love, tuesday
Woman of 9.9 Billion,wednesday
Woman of 9.9 Billion, thursday
"Woman of Matchless Beauty, Park Jung-geum",saturday
"Woman of Matchless Beauty, Park Jung-geum", sunday
Woman with a Suitcase,monday
Woman with a Suitcase, tuesday
Women in the Sun,wednesday
Women in the Sun, thursday
Wonderful Days,saturday
Wonderful Days, sunday
Wonderful Mama,saturday
Wonderful Mama, sunday
Woori the Virgin,monday
Woori the Virgin, tuesday
"Work Later, Drink Now",friday
Working Mom,wednesday
Working Mom, thursday
Working Mom Parenting Daddy,monday
Working Mom Parenting Daddy, tuesday
Working Mom Parenting Daddy, wednesday
Working Mom Parenting Daddy, thursday
Working Mom Parenting Daddy, friday
Wuri's Family,friday
XX,friday
Yeon Gaesomun,saturday
Yeon Gaesomun, sunday
Yeonnam-dong 539,wednesday
YG Future Strategy Office,friday
Yong-pal,wednesday
Yong-pal, thursday
You and I,saturday
You and I, sunday
You Are a Gift,monday
You Are a Gift, tuesday
You Are a Gift, wednesday
You Are a Gift, thursday
You Are a Gift, friday
You Are My Destiny,wednesday
You Are My Destiny, thursday
You Are My Spring,monday
You Are My Spring, tuesday
You Are the Best!,saturday
You Are the Best!, sunday
You Are the Boss!,monday
You Are the Boss!, tuesday
You Are the Boss!, wednesday
You Are the Boss!, thursday
You Are the Boss!, friday
You Are the Only One,monday
You Are the Only One, tuesday
You Are the Only One, wednesday
You Are the Only One, thursday
You Are the Only One, friday
You Are Too Much,saturday
You Are Too Much, sunday
You Don't Know Women,monday
You Drive Me Crazy,monday
You Drive Me Crazy, tuesday
You're All Surrounded,wednesday
You're All Surrounded, thursday
You're Beautiful,wednesday
You're Beautiful, thursday
You're Only Mine,monday
You're Only Mine, tuesday
You're Only Mine, wednesday
You're Only Mine, thursday
You're Only Mine, friday
Young Lady and Gentleman,saturday
Young Lady and Gentleman, sunday
Your Honor,wednesday
Your Honor, thursday
Your House Helper,wednesday
Your House Helper, thursday
Your Lady,monday
Your Lady, tuesday
Your Lady, wednesday
Your Lady, thursday
Your Lady, friday
Your Neighbor's Wife,monday
Your Neighbor's Wife, tuesday
Youth,NA
Youth of May,monday
Youth of May, tuesday
Yumi's Cells,friday
Yumi's Cells, saturday
Zombie Detective,monday
Zombie Detective, tuesday
