kdrama_name,original_networks
100 Days My Prince,tvN
12 Signs of Love,tvN
12 Years Promise,jTBC
18 Again,jTBC
365: Repeat the Year,MBC
4 Legendary Witches,MBC
5th Republic,MBC
7 First Kisses,Naver TV Cast
7th Grade Civil Servant,MBC
#Alive,Naver TV Cast
A Beautiful Mind,KBS
A Bird That Doesn't Sing,tvN
A Daughter Just Like You,MBC
A Gentleman's Dignity,SBS
A Girl Who Sees Smells,SBS
A Happy Woman,KBS
A Hundred Year Legacy,MBC
A Korean Odyssey,Netflix
A Korean Odyssey, tvN
A Little Love Never Hurts,MBC
A Love So Beautiful,Daum Kakao TV
A Love So Beautiful, Netflix
A Model Family,Netflix
A New Leaf,MBC
A Piece of Your Mind,tvN
A Place in the Sun,KBS
A Pledge to God,MBC
A Poem a Day,tvN
A Superior Day,OCN
A Tale of Two Sisters,KBS
A Thousand Days' Promise,SBS
A Thousand Kisses,MBC
A Time Called You,Netflix
A Witch's Love,tvN
A-Teen 2,Naver TV Cast
A-Teen 2, vLive
About Time,tvN
Abyss,Netflix
Abyss, tvN
Ad Genius Lee Tae-baek,KBS
Adamas,tvN
Adult Trainee,NA
"Aeja's Older Sister, Minja",SBS
Aftermath,Naver TV Cast
Again My Life,SBS
Again My Life, ViuTV
Age of Warriors,KBS
Air City,MBC
Alchemy of Souls,Netflix
Alchemy of Souls, tvN
Alice,SBS
All About My Mom,KBS
All About My Romance,SBS
All In,SBS
All of Us Are Dead,Netflix
Alone in Love,SBS
Amanza,Daum Kakao TV
Amor Fati,SBS
Andante,KBS
Ang Shim Jung,EChannel
Angel Eyes,SBS
Angel's Choice,MBC
Angel's Last Mission: Love,KBS
Angel's Revenge,KBS
Angry Mom,MBC
Anna,NA
Another Miss Oh,tvN
Another Peaceful Day of Second-Hand Items,Naver TV Cast
Apgujeong Midnight Sun,MBC
April Kiss,KBS
Arang and the Magistrate,MBC
Are You Human?,KBS
Argon,tvN
Arthdal Chronicles,Netflix
Arthdal Chronicles, tvN
Artificial City,jTBC
Ask the Stars,tvN
Asphalt Man,SBS
Assembly,KBS
At Eighteen,jTBC
At Eighteen, Viki
"At a Distance, Spring Is Green",iQiyi
"At a Distance, Spring Is Green", KBS
"At a Distance, Spring Is Green", Viki
Autumn Shower,MBC
Avengers Social Club,tvN
Awaken,tvN
Babel,TV Chosun
Babel, Viki
Baby Faced Beauty,KBS
Babysitter,KBS
Bachelor's Vegetable Store,Channel A
Backstreet Rookie,iQiyi
Backstreet Rookie, SBS
Bad and Crazy,iQiyi
Bad and Crazy, tvN
Bad Guy,OCN
Bad Guys,OCN
Bad Guys 2,OCN
Bad Housewife,SBS
Bad Papa,MBC
"Bad Thief, Good Thief",MBC
"Bad Woman, Good Woman",MBC
Ballad of Seodong,SBS
Band of Sisters,SBS
Banjun Drama,SBS
Basketball,tvN
Be Melodramatic,jTBC
Be Melodramatic, Viki
Be My Dream Family,KBS
Be Positive,Naver TV Cast
"Be Strong, Geum-soon!",MBC
Beating Again,jTBC
Beating Heart,MBC
Beautiful Days,KBS
Beautiful Gong Shim,SBS
"Beautiful Love, Wonderful Life",KBS
Beautiful World,jTBC
Beautiful World, Viki
Because This Is My First Life,tvN
Becky's Back,KBS
Becoming Witch,TV Chosun
Behind the White Tower,MBC
Bel Ami,KBS
Best Chicken,DramaX
Best Chicken, MBN
Best Chicken, Viki
Beyond Evil,jTBC
Beyond the Clouds,KBS
Big,KBS
Big Issue,SBS
Big Man,KBS
Big Mouth,MBC
"Billie Jean, Look at Me",MBC
Birdie Buddy,tvN
Birth of a Beauty,SBS
Birthcare Center,tvN
Bizarre Bunch,KBS
Black,OCN
Black Dog: Being A Teacher,tvN
Black Knight,Netflix
Black Knight: The Man Who Guards Me,KBS
Blade Man,KBS
Blessing of the Sea,MBC
Blind,OCN
Blind, tvN
Blood,KBS
Blooded Palace: The War of Flowers,jTBC
Bloody Heart,KBS
Bloody Romance,jTBC
Blossom Sisters,MBC
Blow Breeze,MBC
Blue Birthday,Naver TV Cast
Blue Birthday, Viki
Bodyguard,KBS
Born Again,KBS
Bossam: Steal the Fate,MBN
Bossam: Steal the Fate, Viki
Boys Over Flowers,KBS
Brain,KBS
Bravo My Life,KBS
"Bravo, My Life",KBS
"Bravo, My Love!",MBC
Bridal Mask,KBS
Bride of the Century,TV Chosun
Bride of the Sun,SBS
Brilliant Heritage,KBS
Brilliant Legacy,KBS
"Bring It On, Ghost",tvN
Bubble Gum,tvN
Bubbly Lovely,SBS
Bulgasal: Immortal Souls,Netflix
Bulgasal: Immortal Souls, tvN
Business Proposal,Netflix
Business Proposal, SBS
Café Minamdang,KBS
Café Minamdang, Netflix
Call My Agent!,Netflix
Call My Agent!, tvN
"Can We Fall in Love, Again?",jTBC
Can We Get Married?,jTBC
Can't Lose,MBC
Can't Stand Anymore,jTBC
Capital Scandal,KBS
Casino,NA
Catch the Ghost,tvN
Cheat on Me If You Can,KBS
Cheer Up,SBS
Cheer Up!,SBS
"Cheer Up, Mr. Kim!",KBS
Cheese in the Trap,tvN
Cheongdam-dong Alice,SBS
Cheongdam-dong Scandal,SBS
Cheo Yong,OCN
Chicago Typewriter,tvN
Chief of Staff,jTBC
Chief of Staff, Netflix
Children of a Lesser God,OCN
Children of Nobody,MBC
Children of the 20th Century,MBC
Chimera,OCN
Chip In,MBC
Choco Bank,Naver TV Cast
Chocolate,jTBC
Chocolate, Netflix
Chunja's Special Day,NA
Cinderella with Four Knights,tvN
Circle,tvN
City Hunter,SBS
City of the Sun,MBC Dramanet
Class of Lies,OCN
Clean with Passion for Now,jTBC
Cleaning Up,jTBC
Coffee Prince,MBC
"Coffee, Do Me a Favor",Channel A
"Coffee, Do Me a Favor", Viki
Color Rush,LINE TV
Color Rush, Viki
Color Rush, ViuTV
Coma,OCN
Come and Hug Me,MBC
Come Back Mister,SBS
Confession,tvN
Connect,NA
Conspiracy in the Court,KBS
"Cool Guys, Hot Ramen",tvN
Couple or Trouble,MBC
Crash Landing on You,Netflix
Crash Landing on You, tvN
Crazy Love,KBS
Criminal Minds,tvN
Cross,tvN
Cruel Love,jTBC
Cruel Love, Netflix
Cunning Single Lady,MBC
Curtain Call,KBS
D.P.,Netflix
Dae Jang Geum,MBC
Dae Jang Geum Is Watching,MBC
Dae Jo-yeong,KBS
Daemyeong,KBS
Dal-ja's Spring,KBS
Dali and Cocky Prince,KBS
Damo,MBC
Dangerous Woman,MBC
Daring Women,MBC
Dark Hole,OCN
Dark Hole, tvN
Dating Agency: Cyrano,tvN
Dear Heaven,SBS
Dear My Friends,tvN
Dear X Who Doesn't Love Me,iQiyi
Dear X Who Doesn't Love Me, Viki
Dear. M,KBS
Dear. M, Viki
Deep Rooted Tree,SBS
Definitely Neighbors,SBS
Delayed Justice,SBS
Delicious Proposal,MBC
Delivery,NA
Descendants of the Sun,KBS
Designated Survivor: 60 Days,Netflix
Designated Survivor: 60 Days, tvN
Devilish Charm,DramaX
Devilish Charm, MBN
Devilish Charm, Viki
Diary of a Night Watchman,MBC
Diary of a Prosecutor,jTBC
Did We Really Love?,MBC
Different Dreams,MBC
Dinner Mate,iQiyi
Dinner Mate, MBC
Discovery of Love,KBS
Distorted,SBS
Divorce Lawyer in Love,SBS
Do Do Sol Sol La La Sol,KBS
Do Do Sol Sol La La Sol, Netflix
Do You Like Brahms?,SBS
Doctor Detective,SBS
Doctor John,SBS
Doctor Lawyer,MBC
Doctor Prisoner,KBS
Doctor Stranger,SBS
Dokgo Rewind,Oksusu
Dokgo Rewind, Viki
Don't Cry My Love,MBC
Don't Dare to Dream,SBS
Don't Hesitate,SBS
Don't Look Back: The Legend of Orpheus,KBS
Doom at Your Service,tvN
Doom at Your Service, ViuTV
White Christmas,SBS
Dream,SBS
Dream High,KBS
Dream High 2,KBS
Dream of the Emperor,KBS
Drinking Solo,tvN
Dr. Brain,NA
Dr. Frost,OCN
Dr. Ian,Naver TV Cast
Dr. Jin,MBC
Dr. Kkang,MBC
Dr. Park's Clinic,NA
Dr. Romantic,SBS
Duel,OCN
Dummy Mommy,SBS
Eccentric! Chef Moon,Channel A
"Eight Days, Assassination Attempts against King Jeongjo",CGV
Emergency Couple,tvN
Emperor of the Sea,KBS
Empire of Gold,SBS
Empress Ki,MBC
Empress Myeongseong,KBS
Enchanting Neighbor,SBS
Encounter,tvN
Endless Love,SBS
Summer Scent,KBS
Enemies from the Past,MBC
Entertainer,SBS
Entourage,tvN
Erexion,KBS
Eve,tvN
Evergreen,OCN
Everybody Say Kimchi,MBC
Exo Next Door,Naver TV Cast
Extracurricular,Netflix
Extraordinary Attorney Woo,Netflix
Extraordinary You,MBC
Ex-Girlfriends' Club,tvN
Eyes of Dawn,MBC
Faith,SBS
Falling for Challenge,Naver TV Cast
Familiar Wife,tvN
Family,KBS
Family Secret,tvN
Family's Honor,SBS
Fantastic,jTBC
Fashion 70s,SBS
Fashion King,SBS
Fatal Promise,KBS
Fates & Furies,SBS
Fates & Furies, Viki
"Father, I'll Take Care of You",MBC
Father's House,SBS
Feast of the Gods,MBC
Feel Good to Die,KBS
Fight for My Way,KBS
Find Me in Your Memory,MBC
Fireworks,SBS
First Love,MBC
First Love Again,NA
First Wives' Club,SBS
Five Enough,KBS
Five Fingers,SBS
Flower Band,tvN
Flower Crew: Joseon Marriage Agency,jTBC
Flower Crew: Joseon Marriage Agency, Viki
Flower Grandpa Investigation Unit,tvN
Flower of Evil,tvN
Flower of Queen,MBC
Flower of Revenge,jTBC
Flowers of the Prison,MBC
Fly High Butterfly,jTBC
Forecasting Love and Weather,jTBC
Forecasting Love and Weather, Netflix
Forest,KBS
Forever Young,NA
Foundation of the Kingdom,KBS
Four Sisters,MBC
"Freedom Fighter, Lee Hoe-young",KBS
Freeze,NA
"From Now On, Showtime!",MBC
"From Now On, Showtime!", ViuTV
Full House Take 2,SBS Plus
Gangnam Beauty,jTBC
Gangnam Scandal,SBS
Gap-dong,tvN
Get Revenge,TV Chosun
Get Up,MBC
Ghost Doctor,tvN
Girls' Generation 1979,KBS
Glamorous Temptation,MBC
Glass Castle,SBS
Glass Mask,tvN
Glass Slippers,SBS
Glitch,Netflix
Gloria,KBS
Glorious Day,SBS
Glory Jane,KBS
Go Back,Naver TV Cast
Go Back, vLive
God of War,MBC
Goddess of Fire,MBC
Goddess of Marriage,SBS
God's Gift: 14 Days,SBS
"Gogh, The Starry Night",SBS
"Gogh, The Starry Night", Sohu TV
Gold Mask,KBS
Golden Apple,KBS
Golden Bride,SBS
Golden Cross,KBS
Golden Fish,MBC
Golden Pouch,MBC
Golden Rainbow,MBC
Golden Spoon,MBC
Golden Time,MBC
Good Casting,SBS
Good Doctor,KBS
"Good Job, Good Job",MBC
Good Manager,KBS
Goodbye Dear Wife,Channel A
Goodbye Mr. Black,MBC
Goodbye My Love,MBC
Goodbye Solo,KBS
Goodbye to Goodbye,MBC
Graceful Family,MBN
Graceful Friends,jTBC
Gracious Revenge,KBS
Grand Prince,TV Chosun
Grand Prince, Viki
Green Mothers' Club,jTBC
Green Mothers' Club, Netflix
Grid,NA
Gu Family Book,MBC
Guardian Angel,SBS
Guardian: The Lonely and Great God,tvN
Gunman in Joseon,KBS
"Gwanggaeto, The Great Conqueror",KBS
Gyebaek,MBC
Haechi,SBS
Happiness,tvN
Happy Ending,NA
Happy Home,MBC
Happy Sisters,SBS
Happy Together,SBS
He Is Psychometric,tvN
Healer,KBS
Heard It Through the Grapevine,SBS
Heart Surgeons,SBS
Heart to Heart,tvN
Heartless City,jTBC
Heartstrings,MBC
Hell Is Other People,OCN
Hellbound,Netflix
Hello Franceska,MBC
Hello Monster,KBS
"Hello, Me!",KBS
"Hello, Me!", Netflix
"Hello, My Twenties!",jTBC
Her Private Life,tvN
Here Comes Mr. Oh,MBC
Here's My Plan,MBC
Hero,OCN
"Hi Bye, Mama!",Netflix
"Hi Bye, Mama!", tvN
Hi! School: Love On,KBS
Hidden Identity,tvN
Hide and Seek,MBC
High Class,tvN
High End Crush,MBN
High End Crush, Naver TV Cast
High End Crush, Sohu TV
High Kick!,MBC
High Kick: Revenge of the Short Legged,MBC
High School King of Savvy,tvN
High Society,SBS
History of a Salaryman,NA
Hit the Top,KBS
Hogu's Love,tvN
Hold Me Tight,MBC
Hold My Hand,MBC
Home for Summer,KBS
Homemade Love Story,KBS
Hometown,tvN
Hometown Cha-Cha-Cha,Netflix
Hometown Cha-Cha-Cha, tvN
Hong Kong Express,SBS
Hospital Playlist,Netflix
Hospital Playlist, tvN
Hospital Ship,MBC
Hot Stove League,SBS
Hotel del Luna,tvN
Hotel King,MBC
Hotelier,MBC
House of Bluebird,KBS
How Are U Bread,Naver TV Cast
How Are U Bread, Viki
How Long I've Kissed,jTBC
How to Be Thirty,Daum Kakao TV
How to Be Thirty, Viki
How to Buy a Friend,KBS
How to Meet a Perfect Neighbor,SBS
How Should I Be,MBC
Hur Jun,MBC
"Hur Jun, The Original Story",MBC
Hush,iQiyi
Hush, jTBC
Hwarang: The Poet Warrior Youth,KBS
"Hyde Jekyll, Me",SBS
Hyena,tvN
I Can Hear Your Voice,SBS
"I Do, I Do",MBC
I Have a Lover,SBS
I Like You,KBS
I Love Lee Taly,tvN
I Need Romance,tvN
I Need Romance 2012,tvN
I Need Romance 3,tvN
I Order You,SBS Plus
I Picked Up a Celebrity on the Street,Oksusu
I Picked Up a Celebrity on the Street, Viki
I Wanna Hear Your Song,KBS
I'm After You,MBC
I'm Not a Robot,MBC
"I'm Sorry, But I Love You",KBS
"I'm Sorry, I Love You",KBS
Ice Adonis,tvN
Idol Drama Operation Team,KBS
Idol: The Coup,iQiyi
Idol: The Coup, jTBC
If Tomorrow Comes,SBS
If You Wish Upon Me,KBS
If You Wish Upon Me, ViuTV
Iljimae,MBC
Imaginary Cat,MBC every
Imitation,KBS
Imitation, Viki
Immortal Admiral Yi Sun-sin,KBS
In-soon Is Pretty,KBS
Incarnation of Money,SBS
Innocent Defendant,SBS
Insider,jTBC
Inspector Koo,jTBC
Inspector Koo, Netflix
Inspiring Generation,KBS
"Insu, the Queen Mother",jTBC
Into the Flames,TV Chosun
Introverted Boss,tvN
Ireland,MBC
Iris,KBS
Iris II: New Generation,KBS
Island,OCN
Itaewon Class,jTBC
Itaewon Class, Netflix
Item,MBC
It's Beautiful Now,KBS
It's My Life,KBS
It's Okay to Not Be Okay,Netflix
It's Okay to Not Be Okay, tvN
"It's Okay, That's Love",SBS
Jang Bo-ri Is Here!,MBC
"Jang Ok-jung, Living by Love",NA
Jeong Do-jeon,KBS
Ji Woon-soo's Stroke of Luck,TV Chosun
Jinxed at First,KBS
Jinxed at First, Viki
Jirisan,iQiyi
Jirisan, tvN
Jolly Widows,KBS
Joseon Exorcist,SBS
Joseon Exorcist, Viki
Joseon Survival Period,TV Chosun
JTBC Drama Festa,jTBC
JTBC Drama Festa, Netflix
Judge vs. Judge,SBS
Jugglers,KBS
Jump,MBC
Jungle Fish,KBS
Just Dance,KBS
Justice,KBS
Juvenile Justice,Netflix
Kairos,MBC
My Prettiest Moments,MBC
A Sea of Her Own,KBS
Dal Soon's Spring,KBS
Dear My Sister,KBS
Eunhui,KBS
In Still Green Days,KBS
Land of Gold,KBS
My Mind's Flower Rain,KBS
Samsaengi,KBS
Single-minded Dandelion,KBS
Sunok,KBS
That Sun in the Sky,KBS
The Stars Are Shining,KBS
Kill Heel,tvN
Kill It,OCN
"Kill Me, Heal Me",MBC
Kim Is a Genius,jTBC
Kimchi Cheese Smile,MBC
Kimchi Family,jTBC
King of Ambition,SBS
Kingdom,Netflix
Kingmaker: The Change of Destiny,TV Chosun
Kiss Sixth Sense,NA
Kkondae Intern,MBC
Korean Peninsula,TV Chosun
L.U.C.A.: The Beginning,tvN
Lady Cha Dal-rae's Lover,KBS
Land of Wine,SBS
Last,jTBC
Late Night Restaurant,SBS
Law School,jTBC
Law School, Netflix
Lawless Lawyer,tvN
Lawyers,MBC
Left-Handed Wife,KBS
Legal High,jTBC
Legal High, Viki
Legend of Hyang Dan,MBC
Less Than Evil,MBC
Let Me Be Your Knight,iQiyi
Let Me Be Your Knight, SBS
Let Me Introduce Her,SBS
Let's Eat,tvN
Let's Eat 2,tvN
Let's Eat 3,tvN
Level Up,DramaX
Level Up, MBN
Level Up, Viki
Leverage,TV Chosun
Liar Game,tvN
Lie After Lie,Channel A
Lie to Me,SBS
Life,jTBC
Life, Netflix
Life Is Beautiful,KBS
Life on Mars,OCN
Lights and Shadows,MBC
Light on Me,Viki
Likeable or Not,KBS
"Link: Eat, Love, Kill",tvN
Listen to Love,jTBC
Listen to My Heart,MBC
Little Women,Netflix
Little Women, tvN
Live,Netflix
Live, tvN
Live On,jTBC
Live On, Naver TV Cast
Live On, Viki
Live Up to Your Name,tvN
Liver or Die,KBS
Living Among the Rich,jTBC
Living in Style,KBS
Lobbyist,SBS
Local Hero,OCN
Look Back in Anger,KBS
Loss Time Life,Naver TV Cast
Lost,iQiyi
Lost, jTBC
Love & Secret,DRAMAcube
Love (ft. Marriage and Divorce),Netflix
Love (ft. Marriage and Divorce), TV Chosun
Love Again,jTBC
Love Alarm,Netflix
Love Alert,MBN
Love Alert, Viki
Love All Play,KBS
Love and Obsession,KBS
Love Can't Wait,MBC
Love for a Thousand More,Naver TV Cast
Love in 3 Colors,Naver TV Cast
Love in Her Bag,jTBC
Love in Sadness,MBC
Love in the Moonlight,KBS
Love Me When You Can,MBC
Love on a Rooftop,KBS
Love Playlist,Naver TV Cast
Love Playlist, vLive
Love Rain,KBS
Love Returns,KBS
Love Revolution,Daum Kakao TV
Love Revolution, Viki
Love Scene Number,MBC
Love to Hate You,Netflix
Love to the End,KBS
Love Twist,KBS
Love with Flaws,MBC
Loveholic,KBS
Lovely Horribly,KBS
Lovers,MBC
Lovers in Bloom,KBS
Lovers in Paris,SBS
Lovers in Prague,SBS
Lovers of Haeundae,KBS
Lovers of Music,KBS
Lovers of the Red Sky,SBS
Lovers of the Red Sky, Viki
Lovers of the Red Sky, ViuTV
Lovestruck in the City,Daum Kakao TV
Lovestruck in the City, Netflix
Lucky Romance,MBC
Ma Boy,Tooniverse
Mad Dog,KBS
Madame Antoine: The Love Therapist,jTBC
Magic Cellphone,NA
Magic Kid Masuri,KBS
Make a Woman Cry,MBC
Make Your Wish,MBC
Mama,MBC
Man from the Equator,KBS
Man in a Veil,KBS
Man in the Kitchen,MBC
Man to Man,jTBC
Man Who Dies to Live,MBC
Manhole,KBS
Manny,tvN
Marriage Contract,MBC
"Marriage, Not Dating",tvN
Marry Him If You Dare,KBS
Marry Me Now,KBS
Marrying a Millionaire,SBS
Marrying My Daughter Twice,SBS
Mask,SBS
Master's Sun,SBS
Matrimonial Chaos,KBS
May Queen,MBC
"Me Too, Flower!",MBC
Medical Top Team,MBC
Melancholia,tvN
Melody of Love,KBS
Meloholic,OCN
Meloholic, Oksusu
Meloholic, Viki
Melting Me Softly,tvN
Memories of the Alhambra,Netflix
Memories of the Alhambra, tvN
Memorials,KBS
Memorist,tvN
Memory,tvN
Men Are Men,KBS
Mental Coach Je Gal-gil,tvN
Merry Mary,MBC
Military Prosecutor Doberman,tvN
Mimi,Mnet
Mina,KBS
Mine,Netflix
Mine, tvN
Misaeng: Incomplete Life,tvN
Miss Ajumma,SBS
Miss Korea,MBC
Miss Lee,tvN
Miss Mamma Mia,KBS
Miss Mermaid,MBC
Miss Monte-Cristo,KBS
Miss Panda and Mr. Hedgehog,Channel A
Miss Ripley,MBC
Missing 9,MBC
Missing You,MBC
Missing: The Other Side,OCN
Mistress,OCN
Misty,jTBC
Model,SBS
Modern Farmer,SBS
Mom Has an Affair,SBS
Mom's Dead Upset,KBS
Money Flower,MBC
Money Game,tvN
Money Heist: Korea – Joint Economic Area,Netflix
Monstar,Mnet
Monster,MBC
Monstrous,tvN
Monthly Magazine Home,iQiyi
Monthly Magazine Home, jTBC
Moon Embracing the Sun,MBC
Moon Lovers: Scarlet Heart Ryeo,SBS
Moonshine,KBS
Moorim School: Saga of the Brave,KBS
More Than a Maid,jTBC
More Than Friends,jTBC
More Than Friends, Viki
Mother of Mine,KBS
Mother's Garden,MBC
Mouse,tvN
Move to Heaven,Netflix
Moving,jTBC
Mr. Back,MBC
Mr. Duke,MBC
Mr. Queen,tvN
Mr. Sunshine,Netflix
Mr. Sunshine, tvN
Mrs. Cop,SBS
Mrs. Cop 2,SBS
Ms. Hammurabi,jTBC
"Ms. Ma, Nemesis",SBS
Ms. Perfect,KBS
My Absolute Boyfriend,SBS
My Absolute Boyfriend, Viki
My Beautiful Bride,OCN
My Beloved Sister,MBC
"My Contracted Husband, Mr. Oh",MBC
My Country: The New Age,jTBC
My Country: The New Age, Netflix
My Dangerous Wife,MBN
My Daughter the Flower,SBS
"My Daughter, Geum Sa-wol",MBC
My Dear Cat,KBS
My Fair Lady,SBS
My Father Is Strange,KBS
My Fellow Citizens!,KBS
My First First Love,Netflix
My First Love,OCN
My First Time,Naver TV Cast
My First Time, vLive
My Golden Life,KBS
My Healing Love,MBC
My Heart Twinkle Twinkle,SBS
My Holo Love,Netflix
My Horrible Boss,jTBC
My Husband Got a Family,KBS
My Husband's Woman,SBS
My Kids Give Me a Headache,jTBC
"My Lawyer, Mr. Jo",KBS
"My Lawyer, Mr. Jo 2: Crime and Punishment",KBS
My Liberation Notes,jTBC
My Liberation Notes, Netflix
My Little Baby,MBC
My Love By My Side,SBS
My Love from the Star,SBS
My Love Patzzi,MBC
My Lovely Girl,SBS
My Mister,tvN
My Mother Is a Daughter-in-law,SBS
My Name,Netflix
My Only Love Song,Netflix
My Only One,KBS
My Roommate Is a Gumiho,iQiyi
My Roommate Is a Gumiho, tvN
My Rosy Life,KBS
My Runway,MBC Dramanet
My Sassy Girl,SBS
My Secret Hotel,tvN
My Secret Romance,OCN
My Secret Terrius,MBC
My Spring Days,MBC
My Strange Hero,SBS
My Too Perfect Sons,KBS
My Unfamiliar Family,tvN
My Unfortunate Boyfriend,MBC Dramanet
Mysterious Personal Shopper,KBS
Mystic Pop-up Bar,jTBC
Mystic Pop-up Bar, Netflix
Naeil's Cantabile,KBS
Naked Fireman,KBS
Navillera,Netflix
Navillera, tvN
Never Twice,MBC
Nevertheless,jTBC
Nevertheless, Netflix
New Heart,MBC
Nice Witch,SBS
Night Light,MBC
Nine,Daum Kakao TV
Nine, Naver TV Cast
No Matter What,KBS
"No, Thank You",Daum Kakao TV
"Noble, My Love",Naver TV Cast
Nobody Knows,SBS
Nokdu Flower,SBS
Nonstop,MBC
"Now, We Are Breaking Up",SBS
"Now, We Are Breaking Up", ViuTV
Oh Feel Young,KBS
Oh My Baby,tvN
Oh My Ghost,tvN
Oh My Ladylord,iQiyi
Oh My Ladylord, MBC
Oh My Venus,KBS
Oh! My Lady,KBS
"Oh, the Mysterious",SBS
Ohlala Couple,KBS
Ojakgyo Family,KBS
On Air,SBS
On the Verge of Insanity,MBC
On the Way to the Airport,KBS
Once Again,KBS
One Fine Day,SBS
One More Happy Ending,MBC
One More Time,BS Japan
One More Time, Netflix
One Ordinary Day,ViuTV
One Spring Night,MBC
One Spring Night, Netflix
One Sunny Day,LINE TV
One the Woman,SBS
One Thousand Won Lawyer,SBS
One Warm Word,SBS
One Well-Raised Daughter,SBS
Only Love,SBS
Only You,SBS
Operation Proposal,TV Chosun
Orange Marmalade,KBS
Our Beloved Summer,Netflix
Our Beloved Summer, SBS
Our Blues,Netflix
Our Blues, tvN
Our Gap-soon,SBS
Over the Rainbow,MBC
Pachinko,NA
Padam Padam,jTBC
Papa,KBS
Partners for Justice,MBC
Passionate Love,SBS
Pegasus Market,tvN
Perfume,KBS
Persona,Netflix
Phantom,SBS
Phoenix,MBC
Phoenix 2020,SBS
Piano,SBS
Pied Piper,tvN
Pink Lipstick,MBC
Pinocchio,SBS
Player,OCN
"Please Come Back, Soon-ae",SBS
Please Don't Date Him,MBC
Please Don't Date Him, MBC every
Plus Nine Boys,tvN
Police University,KBS
"Poong, the Joseon Psychiatrist",tvN
Poseidon,KBS
Possessed,Netflix
Possessed, OCN
Potato Star 2013QR3,tvN
Pots of Gold,MBC
Precious Family,KBS
Pride and Prejudice,MBC
Priest,OCN
Prime Minister & I,KBS
Princess Aurora,MBC
Princess Hours,NA
Prison Playbook,Netflix
Prison Playbook, tvN
Private Lives,jTBC
Private Lives, Netflix
Protect the Boss,SBS
Psychopath Diary,tvN
Punch,SBS
Pure Love,KBS
Pure Pumpkin Flower,SBS
Que Sera Sera,NA
Queen and I,tvN
Queen for Seven Days,KBS
Queen of Mystery,KBS
Queen of Mystery 2,KBS
Queen: Love and War,TV Chosun
Queen: Love and War, Viki
Quiz of God,OCN
Racket Boys,Netflix
Racket Boys, SBS
Radiant Office,MBC
Radio Romance,KBS
Rain or Shine,jTBC
Record of Youth,Netflix
Record of Youth, tvN
Red Shoes,KBS
Reflection of You,jTBC
Reflection of You, Netflix
Remarriage & Desires,Netflix
Remember,MBC
Replay: The Moment,Daum Kakao TV
Reply Series,tvN
Reply 1988,tvN
Reply 1994,tvN
Reply 1997,tvN
Reset,OCN
Resurrection,KBS
Return,SBS
Reunited Worlds,SBS
Reverse,MBC
Revolutionary Love,tvN
Revolutionary Sisters,KBS
Rich Man,DramaX
Rich Man, Viki
Righteous Love,tvN
Risky Romance,MBC
River Where the Moon Rises,KBS
River Where the Moon Rises, Viki
River Where the Moon Rises, ViuTV
Robber,SBS
Romance,MBC
Romance Is a Bonus Book,Netflix
Romance Is a Bonus Book, tvN
Romance Town,KBS
Rooftop Prince,SBS
Rookie Historian Goo Hae-ryung,MBC
Rookie Historian Goo Hae-ryung, Netflix
Rookie Cops,NA
Room No. 9,tvN
Rose Mansion,tvN
Rosy Lovers,MBC
Royal Secret Agent,iQiyi
Royal Secret Agent, KBS
Ruby Ring,KBS
Ruby Ruby Love,On Style
Rugal,Netflix
Rugal, OCN
Ruler of Your Own World,MBC
Run On,jTBC
Run On, Netflix
"Run, Jang-mi",SBS
Rustic Period,SBS
Sad Love Story,MBC
"Saimdang, Memoir of Colors",SBS
Salamander Guru and The Shadows,SBS
Salut D'Amour,KBS
Sandglass,SBS
Save Me,OCN
Save Me 2,OCN
Save the Family,KBS
Save the Last Dance for Me,SBS
Say It with Your Eyes,MBC
Scent of a Woman,SBS
School 2013,KBS
School 2017,KBS
School 2021,KBS
School 2021, Viki
Who Are You: School 2015,KBS
Schoolgirl Detectives,jTBC
Search,OCN
Search: WWW,tvN
Second 20s,tvN
Second to Last Love,SBS
Secret,MBC
Secret Affair,jTBC
Secret Boutique,SBS
Secret Door,SBS
Secret Healer,jTBC
Secret Love,DRAMAcube
Secret Mother,SBS
Secret Royal Inspector & Joy,tvN
Secrets and Lies,MBC
Secrets of Women,KBS
Sell Your Haunted House,KBS
Semantic Error,NA
Seoul 1945,KBS
"Seoyoung, My Daughter",KBS
She Knows Everything,MBC
She Was Pretty,MBC
She Would Never Know,iQiyi
She Would Never Know, jTBC
Shine or Go Crazy,MBC
Shining Romance,MBC
Shopping King Louie,MBC
Short,OCN
Short, Viki
Should We Kiss First?,SBS
Show Window: The Queen's House,Channel A
Show Window: The Queen's House, Viki
Sh**ting Stars,tvN
Signal,tvN
Sin Don,MBC
Single Dad in Love,KBS
Sisters of the Sea,MBC
Sisyphus: The Myth,jTBC
Sisyphus: The Myth, Netflix
Six Flying Dragons,SBS
Sketch,jTBC
Sky Castle,jTBC
Smile Again,SBS
"Smile, Mom",SBS
Snow Flower,SBS
Snowdrop,jTBC
So I Married the Anti-fan,Amazon Prime
So I Married the Anti-fan, iQiyi
So I Married the Anti-fan, Naver TV Cast
So I Married the Anti-fan, Viki
So I Married the Anti-fan, vLive
So Not Worth It,Netflix
Solomon's Perjury,jTBC
Somebody,Netflix
Someday,OCN
Something About 1%,DramaX
Something About 1 Percent,DramaX
Something About Us,NA
Something Happened in Bali,NA
Something in the Rain,jTBC
Something in the Rain, Netflix
Songgot: The Piercer,jTBC
Soul Mechanic,KBS
Soundtrack 1,NA
Special Affairs Team TEN,OCN
Special Labor Inspector,MBC
Splendid Politics,MBC
Sponsor,MBN
Sponsor, Viki
Spotlight,MBC
Spring Day,SBS
Spring Turns to Spring,MBC
Spy,KBS
Spy Myung-wol,KBS
Squad 38,OCN
Squid Game,Netflix
Stained Glass,SBS
Standby,MBC
Star in My Heart,MBC
Stars Falling from the Sky,tvN
Start-Up,Netflix
Start-Up, tvN
Star's Echo,Fuji TV
Star's Echo, MBC
Star's Lover,SBS
Steal Heart,jTBC
Still 17,SBS
Still You,SBS
Stranger,Netflix
Stranger, tvN
Strong Girl Bong-soon,jTBC
Strongest Deliveryman,KBS
Suits,KBS
Sunlight Pours Down,SBS
Sunny Again Tomorrow,KBS
Super Daddy Yeol,tvN
Super Rookie,SBS
Surgeon Bong Dal-hee,SBS
Suspicious Partner,SBS
Sweden Laundry,MBC every
Sweet Buns,MBC
Sweet Enemy,SBS
Sweet Home,Netflix
"Sweet Home, Sweet Honey",KBS
Sweet Munchies,jTBC
Sweet Munchies, Viki
Sweet Revenge,Oksusu
Sweet Revenge 2,XtvN
Sweet Spy,MBC
Sweet Stranger and Me,KBS
"Sweet, Savage Family",MBC
Switch,SBS
Syndrome,jTBC
Taejo Wang Geon,KBS
"Take Care of Us, Captain",SBS
Tale of Fairy,tvN
Tale of the Nine Tailed,tvN
Tasty Life,SBS
Taxi Driver,SBS
Tazza,SBS
Team Bulldog: Off-Duty Investigation,OCN
Tears of Heaven,MBN
Tears of the Dragon,KBS
Tell Me What You Saw,OCN
Temperature of Love,SBS
Temptation,SBS
Temptation of Wife,SBS
Tempted,MBC
Terroir,SBS
Thank You,MBC
"That Winter, the Wind Blows",SBS
The Accidental Narco,Netflix
The All-Round Wife,KBS
The Banker,MBC
The Beauty Inside,jTBC
The Birth of a Family,SBS
The Blade and Petal,KBS
The Bride of Habaek,tvN
The Chaser,SBS
The Clinic for Married Couples: Love and War,KBS
The Cursed,tvN
The Crowned Clown,tvN
The Dawn of the Empire,KBS
The Devil,SBS
The Devil Judge,tvN
The Doctors,SBS
The Eldest,jTBC
The Emperor: Owner of the Mask,MBC
The Empire of Law,jTBC
The End of the World,jTBC
The Family is Coming,SBS
The Fiery Priest,SBS
The Forbidden Marriage,MBC
The Fugitive of Joseon,KBS
The Game: Towards Zero,MBC
The Gentlemen of Wolgyesu Tailor Shop,KBS
The Ghost Detective,KBS
The Good Detective,jTBC
The Good Wife,tvN
"The Great King, Sejong",KBS
The Great Merchant,KBS
The Great Seer,SBS
The Great Shaman Ga Doo-shim,Daum Kakao TV
The Great Shaman Ga Doo-shim, Viki
The Great Show,tvN
The Greatest Love,MBC
The Greatest Marriage,TV Chosun
The Guardians,MBC
The Guest,OCN
The Heirs,SBS
The Hymn of Death,Netflix
The Hymn of Death, SBS
The Idle Mermaid,tvN
The Idolmaster KR,SBS Plus
The Innocent Man,KBS
The Jingbirok: A Memoir of Imjin War,KBS
The K2,tvN
The Killer's Shopping List,tvN
The King 2 Hearts,MBC
The King and I,SBS
The King and the Queen,KBS
The King in Love,MBC
The King in Love, Viki
The King of Chudong Palace,MBC
The King of Dramas,SBS
The King of Pigs,tvN
"The King of Tears, Lee Bang-won",KBS
The King: Eternal Monarch,Netflix
The King: Eternal Monarch, SBS
The King's Affection,KBS
The King's Affection, Netflix
"The King's Daughter, Soo Baek-hyang",MBC
The King's Doctor,MBC
The King's Face,KBS
The Lady in Dignity,jTBC
The Last Empress,SBS
The Last Match,MBC
The Law Cafe,KBS
The Law Cafe, ViuTV
The Legend of the Blue Sea,SBS
The Liar and His Lover,tvN
The Lies Within,Netflix
The Lies Within, OCN
The Light in Your Eyes,jTBC
The Light in Your Eyes, Viki
The Lover,Mnet
The Man in the Mask,KBS
The Master of Revenge,KBS
The Merchant,MBC
The Merchant: Gaekju 2015,KBS
The Miracle,Naver TV Cast
The Miracle We Met,KBS
The Most Beautiful Goodbye,tvN
The Musical,SBS
The Mysterious Class,NA
The Noblesse,jTBC
The One and Only,jTBC
The Package,jTBC
The Penthouse: War in Life,SBS
The Police Station Next to the Fire Station,SBS
The Princess' Man,KBS
The Producers,KBS
The Promise,KBS
The Queen of Office,KBS
The Queen's Classroom,MBC
The Rebel,MBC
The Red Sleeve,MBC
The Red Sleeve, Viki
The Reputable Family,KBS
The Return of Hwang Geum-bok,SBS
The Rich Son,MBC
The Road Home,KBS
The Road: The Tragedy of One,tvN
The Royal Gambler,SBS
The Running Mates: Human Rights,OCN
The Scandal,MBC
The Scholar Who Walks the Night,MBC
The School Nurse Files,Netflix
The Second Husband,MBC
The Secret House,MBC
The Secret Life of My Secretary,SBS
The Secret Lovers,MBC
The Secret of Birth,SBS
The Secret of My Love,KBS
The Silent Sea,Netflix
The Smile Has Left Your Eyes,tvN
The Sound of Magic,Netflix
The Sound of Your Heart,Naver TV Cast
The Spies Who Loved Me,iQiyi
The Spies Who Loved Me, MBC
The Suspicious Housekeeper,SBS
The Tale of Nokdu,KBS
The Third Charm,jTBC
The Third Hospital,tvN
The Three Musketeers,tvN
The Time We Were Not in Love,SBS
The Uncanny Counter,Netflix
The Uncanny Counter, OCN
The Undateables,SBS
The Vampire Detective,OCN
The Veil,MBC
The Village: Achiara's Secret,SBS
The Virtual Bride,KBS
The Virus,OCN
The Wedding Scheme,tvN
The Wind Blows,jTBC
The Witch's Diner,Naver TV Cast
The Witch's Diner, tvN
The World of the Married,jTBC
The Youngest Son of a Conglomerate,jTBC
Thirty-Nine,jTBC
Thirty-Nine, Netflix
This Is My Love,jTBC
Thousand Years of Love,Naver TV Cast
Three Color Fantasy,Naver TV Cast
Queen of the Ring,Naver TV Cast
Romance Full of Life,Naver TV Cast
The Universe's Star,Naver TV Cast
Three Days,SBS
Three Friends,MBC
Three Sisters,SBS
Thrice Married Woman,SBS
Through the Darkness,SBS
Times,OCN
To My Beloved,jTBC
To the Beautiful You,SBS
Today's Webtoon,SBS
Today's Webtoon, Viki
Today's Webtoon, ViuTV
"Toji, the Land",SBS
Tokyo Sun Shower,SBS
Tomorrow,MBC
Tomorrow, Netflix
Tomorrow Boy,Naver TV Cast
"Tomorrow, with You",tvN
Top Management,NA
Top Star U-back,tvN
Touch,Channel A
Touch, Viki
Touch Your Heart,tvN
Tracer,MBC
Train,OCN
Trap,OCN
Triangle,MBC
Trio,MBC
Trolley,SBS
True Beauty,tvN
True Sword Battle,KBS
Tunnel,OCN
Twelve Nights,Channel A
Twelve Nights, Viki
Two Cops,MBC
Two Mothers,KBS
Two Weeks,MBC
Two Wives,SBS
Two Women's Room,SBS
Ugly Alert,SBS
Ugly Miss Young-ae,tvN
Unasked Family,KBS
Uncle,TV Chosun
Uncle, Viki
Uncontrollably Fond,KBS
Undercover,jTBC
Unkind Ladies,KBS
Unknown Woman,KBS
Unstoppable Marriage,KBS
Until the Azalea Blooms,KBS
Untouchable,jTBC
Vagabond,Netflix
Vagabond, SBS
Vampire Idol,MBN
Vampire Prosecutor,OCN
Vincenzo,Netflix
Vincenzo, tvN
VIP,SBS
Voice,OCN
W,MBC
Wang's Family,KBS
Want a Taste?,SBS
Wanted,SBS
War of Money,SBS
Warm and Cozy,MBC
Warrior Baek Dong-soo,SBS
Was It Love?,jTBC
Was It Love?, Netflix
Watcher,OCN
We Are Dating Now,SBS
We Broke Up,Naver TV Cast
Webtoon Hero Toondra Show,MBC every
Wedding,KBS
Wednesday 3:30 PM,Oksusu
Weightlifting Fairy Kim Bok-joo,MBC
Welcome,Netflix
Welcome, tvN
Welcome 2 Life,MBC
Welcome Rain to My Life,SBS
Welcome to Waikiki,jTBC
Welcome to Waikiki 2,jTBC
Welcome to Waikiki 2, Viki
Welcome to Wedding Hell,Daum Kakao TV
Welcome to Wedding Hell, Netflix
West Palace,KBS
What Happens to My Family?,KBS
What's for Dinner?,MBC
What's Up,MBN
What's Up Fox,MBC
What's Wrong with Secretary Kim,tvN
When a Man Falls in Love,MBC
When I Was the Most Beautiful,MBC
When My Love Blooms,tvN
When the Camellia Blooms,KBS
When the Camellia Blooms, Netflix
When the Devil Calls Your Name,tvN
When the Weather Is Fine,jTBC
When the Weather Is Fine, Viki
When Women Powder Twice,jTBC
Where Stars Land,SBS
Where Stars Land, Viki
Where Your Eyes Linger,Viki
Which Star Are You From,MBC
While You Were Sleeping,SBS
Whisper,SBS
White Nights 3.98,SBS
Who Are You?,tvN
Why Her,SBS
Why Her, Viki
Why Her, ViuTV
Wife Returns,SBS
Wild Romance,KBS
Witch at Court,KBS
Witch's Love,MBN
Witch's Love, Viki
Wok of Love,SBS
Woman of 9.9 Billion,KBS
"Woman of Matchless Beauty, Park Jung-geum",MBC
Woman with a Suitcase,MBC
Women in the Sun,KBS
Wonderful Days,KBS
Wonderful Mama,SBS
Woori the Virgin,SBS
"Work Later, Drink Now",tvN
Working Mom,SBS
Working Mom Parenting Daddy,MBC
Wuri's Family,MBC
XX,MBC
XX, Naver TV Cast
XX, vLive
Yeon Gaesomun,SBS
Yeonnam-dong 539,MBN
YG Future Strategy Office,Netflix
Yong-pal,SBS
You and I,MBC
You Are a Gift,SBS
You Are My Destiny,MBC
You Are My Spring,Netflix
You Are My Spring, tvN
You Are the Best!,KBS
You Are the Boss!,MBC
You Are the Only One,KBS
You Are Too Much,MBC
You Don't Know Women,SBS
You Drive Me Crazy,OCN
You're All Surrounded,SBS
You're Beautiful,SBS
You're Only Mine,SBS
Young Lady and Gentleman,KBS
Your Honor,SBS
Your House Helper,KBS
Your Lady,SBS
Your Neighbor's Wife,jTBC
Youth,NA
Youth of May,KBS
Yumi's Cells,tvN
Zombie Detective,KBS
