kdrama_name,platform
100 Days My Prince,WeTV
100 Days My Prince, Netflix
100 Days My Prince, KDRAMA
100 Days My Prince, Apple TV
100 Days My Prince, Viki
12 Signs of Love,
12 Years Promise,Viki
18 Again,WeTV
365: Repeat the Year,Viki
4 Legendary Witches,
5th Republic,
7 First Kisses,LDF
7th Grade Civil Servant,
#Alive,Lululala Story Lab
#Alive, Viki
A Beautiful Mind,Viki
A Bird That Doesn't Sing,
A Daughter Just Like You,
A Gentleman's Dignity,Viki
A Girl Who Sees Smells,Viki
A Girl Who Sees Smells, Netflix
A Happy Woman,
A Hundred Year Legacy,Viki
A Korean Odyssey,Viki
A Korean Odyssey, Netflix
A Korean Odyssey, Apple TV
A Little Love Never Hurts,
A Love So Beautiful,Kakao TV
A Love So Beautiful, Netflix
A Model Family,Netflix
A New Leaf,Viki
A Piece of Your Mind,Apple TV
A Piece of Your Mind, Viki
A Piece of Your Mind, WeTV
A Place in the Sun,KBS World
A Pledge to God,Viki
A Poem a Day,KDRAMA
A Superior Day,Viki
A Tale of Two Sisters,KBS World
A Thousand Days' Promise,
A Thousand Kisses,
A Time Called You,
A Witch's Love,Prime Video
A Witch's Love, Viki
A Witch's Love, Apple TV
A Witch's Love, AsianCrush
A-Teen 2,PlayList Global
A-Teen 2, WeTV
A-Teen 2, Viki
About Time,Apple TV
About Time, Viki
About Time, WeTV
About Time, Netflix
Abyss,Netflix
Ad Genius Lee Tae-baek,Viki
Adamas,Disney
Adamas, Disney Hotstar
Adult Trainee,TVING
"Aeja's Older Sister, Minja",
Aftermath,
Again My Life,Viki
Age of Warriors,
Air City,
Alchemy of Souls,Netflix
Alice,SBS World
Alice, Viki
All About My Mom,Viki
All About My Mom, KBS World
All About My Romance,SBS World
All About My Romance, Viki
All In,
All of Us Are Dead,Netflix
Alone in Love,SBS World
Amanza,Kakao TV
Amor Fati,Prime Video
Amor Fati, Viki
Andante,Viki
Ang Shim Jung,
Angel Eyes,SBS World
Angel Eyes, Viki
Angel's Choice,
Angel's Last Mission: Love,Viki
Angel's Last Mission: Love, Apple TV
Angel's Last Mission: Love, KBS World
Angel's Last Mission: Love, Prime Video
Angel's Revenge,KBS World
Angry Mom,Viki
Angry Mom, Netflix
Anna,
Another Miss Oh,Disney Hotstar
Another Miss Oh, WeTV
Another Miss Oh, Netflix
Another Miss Oh, KDRAMA
Another Peaceful Day of Second-Hand Items,
Apgujeong Midnight Sun,
April Kiss,
Arang and the Magistrate,Viki
Are You Human?,Viki
Argon,Netflix
Arthdal Chronicles,Netflix
Artificial City,Viki
Artificial City, Netflix
Artificial City, TVING
Ask the Stars,
Asphalt Man,
Assembly,Viki
At Eighteen,WeTV
At Eighteen, Viki
"At a Distance, Spring Is Green",Apple TV
"At a Distance, Spring Is Green", Viki
Autumn Shower,
Avengers Social Club,KDRAMA
Awaken,WeTV
Awaken, Viki
Babel,Viki
Baby Faced Beauty,Viki
Babysitter,Viki
Bachelor's Vegetable Store,
Backstreet Rookie,Viki
Backstreet Rookie, Netflix
Bad and Crazy,TVING
Bad Guy,
Bad Guys,
Bad Guys 2,KDRAMA
Bad Guys 2, Netflix
Bad Housewife,
Bad Papa,
"Bad Thief, Good Thief",Viki
"Bad Woman, Good Woman",
Ballad of Seodong,
Band of Sisters,SBS World
Band of Sisters, Viki
Banjun Drama,
Basketball,
Be Melodramatic,Disney Hotstar
Be Melodramatic, WeTV
Be Melodramatic, Apple TV
Be Melodramatic, Viki
Be My Dream Family,KBS World
Be My Dream Family, Viki
Be Positive,
"Be Strong, Geum-soon!",
Beating Again,Apple TV
Beating Again, Viki
Beating Again, WeTV
Beating Heart,
Beautiful Days,
Beautiful Gong Shim,Viki
"Beautiful Love, Wonderful Life",KBS World
"Beautiful Love, Wonderful Life", Viki
Beautiful World,Disney Hotstar
Beautiful World, Viki
Because This Is My First Life,Apple TV
Because This Is My First Life, Viki
Because This Is My First Life, WeTV
Because This Is My First Life, Netflix
Becky's Back,Viki
Becoming Witch,Netflix
Behind the White Tower,Viki
Bel Ami,Viki
Best Chicken,Viki
Beyond Evil,Disney Hotstar
Beyond Evil, WeTV
Beyond Evil, Netflix
Beyond Evil, Viki
Beyond the Clouds,
Big,Viki
Big Issue,Apple TV
Big Issue, Viki
Big Man,KBS World
Big Mouth,Wavve
"Billie Jean, Look at Me",
Birdie Buddy,AsianCrush
Birth of a Beauty,SBS World
Birth of a Beauty, Viki
Birth of a Beauty, Netflix
Birthcare Center,Viki
Birthcare Center, WeTV
Bizarre Bunch,
Black,KDRAMA
Black, Netflix
Black Dog: Being A Teacher,Viki
Black Dog: Being A Teacher, Netflix
Black Knight,Netflix
Black Knight: The Man Who Guards Me,Viki
Black Knight: The Man Who Guards Me, Netflix
Blade Man,KBS World
Blade Man, Viki
Blessing of the Sea,
Blind,
Blood,Viki
Blood, Netflix
Blood, KBS World
Blooded Palace: The War of Flowers,
Bloody Heart,Disney Hotstar
Bloody Heart, Disney
Bloody Romance,
Blossom Sisters,
Blow Breeze,
Blue Birthday,Viki
Blue Birthday, WeTV
Bodyguard,
Born Again,Viki
Bossam: Steal the Fate,Viki
Boys Over Flowers,Apple TV
Boys Over Flowers, Tubi
Boys Over Flowers, AsianCrush
Boys Over Flowers, iflix
Boys Over Flowers, Hulu
Boys Over Flowers, Viki
Boys Over Flowers, WeTV
Boys Over Flowers, Netflix
Brain,Viki
Bravo My Life,KBS World
"Bravo, My Life",KBS World
"Bravo, My Love!",
Bridal Mask,Viki
Bride of the Century,Viki
Bride of the Sun,
Brilliant Heritage,Viki
Brilliant Legacy,Viki
"Bring It On, Ghost",Viki
"Bring It On, Ghost", KDRAMA
"Bring It On, Ghost", WeTV
Bubble Gum,
Bubbly Lovely,
Bulgasal: Immortal Souls,TVING
Bulgasal: Immortal Souls, Netflix
Business Proposal,Netflix
Café Minamdang,Netflix
Call My Agent!,
"Can We Fall in Love, Again?",Viki
Can We Get Married?,Apple TV
Can We Get Married?, Viki
Can't Lose,
Can't Stand Anymore,
Capital Scandal,KBS World
Capital Scandal, Viki
Casino,
Catch the Ghost,
Cheat on Me If You Can,Apple TV
Cheat on Me If You Can, Viki
Cheer Up,
Cheer Up!,
"Cheer Up, Mr. Kim!",KBS World
Cheese in the Trap,KDRAMA
Cheese in the Trap, Apple TV
Cheese in the Trap, Viki
Cheese in the Trap, WeTV
Cheongdam-dong Alice,SBS World
Cheongdam-dong Alice, Viki
Cheongdam-dong Scandal,
Cheo Yong,
Chicago Typewriter,Viki
Chicago Typewriter, WeTV
Chicago Typewriter, KDRAMA
Chicago Typewriter, Apple TV
Chief of Staff,Netflix
Children of a Lesser God,KDRAMA
Children of Nobody,Viki
Children of the 20th Century,Viki
Chimera,TVING
Chimera, Viki
Chip In,Viki
Choco Bank,Viki
Chocolate,Netflix
Chunja's Special Day,
Cinderella with Four Knights,Apple TV
Cinderella with Four Knights, Tubi
Cinderella with Four Knights, Viki
Cinderella with Four Knights, Netflix
Circle,
City Hunter,Apple TV
City of the Sun,
Class of Lies,Viki
Clean with Passion for Now,Apple TV
Clean with Passion for Now, iflix
Clean with Passion for Now, Viki
Clean with Passion for Now, WeTV
Clean with Passion for Now, Netflix
Cleaning Up,
Coffee Prince,Apple TV
Coffee Prince, Viki
"Coffee, Do Me a Favor",Viki
Color Rush,Apple TV
Color Rush, Viki
Coma,
Come and Hug Me,Viki
Come Back Mister,SBS World
Come Back Mister, Viki
Confession,
Connect,
Conspiracy in the Court,
"Cool Guys, Hot Ramen",Viki
Couple or Trouble,Viki
Crash Landing on You,Netflix
Crazy Love,Disney Hotstar
Crazy Love, Disney
Criminal Minds,
Cross,KDRAMA
Cruel Love,TVING
Cruel Love, Netflix
Cunning Single Lady,Viki
Cunning Single Lady, Netflix
Curtain Call,
D.P.,Netflix
Dae Jang Geum,Viki
Dae Jang Geum Is Watching,Viki
Dae Jo-yeong,KBS Drama Classic
Daemyeong,
Dal-ja's Spring,Viki
Dali and Cocky Prince,Prime Video
Dali and Cocky Prince, Viki
Dali and Cocky Prince, Netflix
Damo,Viki
Dangerous Woman,
Daring Women,
Dark Hole,Viki
Dark Hole, WeTV
Dating Agency: Cyrano,
Dear Heaven,
Dear My Friends,Prime Video
Dear My Friends, Netflix
Dear My Friends, KDRAMA
Dear X Who Doesn't Love Me,Viki
Dear. M,Viki
Dear. M, WeTV
Deep Rooted Tree,Apple TV
Deep Rooted Tree, Viki
Deep Rooted Tree, Netflix
Definitely Neighbors,
Delayed Justice,Apple TV
Delayed Justice, Viki
Delicious Proposal,
Delivery,
Descendants of the Sun,iflix
Descendants of the Sun, Apple TV
Descendants of the Sun, Hulu
Descendants of the Sun, Viki
Descendants of the Sun, WeTV
Designated Survivor: 60 Days,Netflix
Devilish Charm,Apple TV
Devilish Charm, Prime Video
Devilish Charm, Viki
Diary of a Night Watchman,Viki
Diary of a Prosecutor,Disney Hotstar
Diary of a Prosecutor, Hulu
Diary of a Prosecutor, Viki
Diary of a Prosecutor, iflix
Did We Really Love?,
Different Dreams,Viki
Dinner Mate,
Discovery of Love,Viki
Discovery of Love, KBS Drama Classic
Discovery of Love, KBS World
Distorted,SBS World
Distorted, Viki
Distorted, Netflix
Divorce Lawyer in Love,SBS World
Divorce Lawyer in Love, Viki
Do Do Sol Sol La La Sol,Netflix
Do You Like Brahms?,Viki
Do You Like Brahms?, Netflix
Do You Like Brahms?, SBS World
Doctor Detective,Apple TV
Doctor Detective, Viki
Doctor John,Viki
Doctor John, Apple TV
Doctor Lawyer,Disney Hotstar
Doctor Prisoner,Viki
Doctor Prisoner, Apple TV
Doctor Stranger,WeTV
Doctor Stranger, Netflix
Doctor Stranger, Apple TV
Doctor Stranger, SBS World
Doctor Stranger, Viki
Dokgo Rewind,Viki
Don't Cry My Love,Viki
Don't Dare to Dream,Viki
Don't Dare to Dream, Netflix
Don't Dare to Dream, SBS VOD
Don't Hesitate,Viki
Don't Look Back: The Legend of Orpheus,Viki
Doom at Your Service,Prime Video
Doom at Your Service, Viki
Doom at Your Service, TVING
White Christmas,
Dream,
Dream High,Viki
Dream High, Netflix
Dream High 2,Viki
Dream High 2, Netflix
Dream of the Emperor,
Drinking Solo,KDRAMA
Dr. Brain,Apple TV
Dr. Frost,
Dr. Ian,
Dr. Jin,Viki
Dr. Kkang,
Dr. Park's Clinic,
Dr. Romantic,WeTV
Dr. Romantic, SBS VOD
Dr. Romantic, Viki
Duel,
Dummy Mommy,
Eccentric! Chef Moon,Viki
"Eight Days, Assassination Attempts against King Jeongjo",
Emergency Couple,KDRAMA
Emergency Couple, Apple TV
Emergency Couple, Viki
Emperor of the Sea,
Empire of Gold,SBS World
Empire of Gold, Viki
Empress Ki,Viki
Empress Ki, Apple TV
Empress Ki, Prime Video
Empress Myeongseong,
Enchanting Neighbor,
Encounter,Viki
Encounter, Netflix
Encounter, Hulu
Encounter, Apple TV
Endless Love,Viki
Summer Scent,
Enemies from the Past,
Entertainer,SBS World
Entertainer, Viki
Entourage,
Erexion,
Eve,Viki
Evergreen,
Everybody Say Kimchi,
Exo Next Door,LINE TV
Extracurricular,Netflix
Extraordinary Attorney Woo,Netflix
Extraordinary You,Viki
Extraordinary You, WeTV
Ex-Girlfriends' Club,
Eyes of Dawn,
Faith,Apple TV
Faith, Viki
Falling for Challenge,Viki
Familiar Wife,KDRAMA
Familiar Wife, Viki
Familiar Wife, WeTV
Familiar Wife, Netflix
Family,
Family Secret,
Family's Honor,
Fantastic,Disney Hotstar
Fantastic, Viki
Fashion 70s,
Fashion King,SBS World
Fashion King, Viki
Fatal Promise,
Fates & Furies,Viki
"Father, I'll Take Care of You",
Father's House,Viki
Feast of the Gods,Viki
Feel Good to Die,Viki
Fight for My Way,Apple TV
Fight for My Way, iflix
Fight for My Way, Viki
Fight for My Way, WeTV
Find Me in Your Memory,Viki
Find Me in Your Memory, Netflix
Find Me in Your Memory, Apple TV
Fireworks,
First Love,
First Love Again,Viki
First Wives' Club,SBS VOD
Five Enough,Prime Video
Five Enough, Viki
Five Enough, KBS World
Five Fingers,Viki
Flower Band,
Flower Crew: Joseon Marriage Agency,Disney Hotstar
Flower Crew: Joseon Marriage Agency, Viki
Flower Crew: Joseon Marriage Agency, WeTV
Flower Crew: Joseon Marriage Agency, Netflix
Flower Grandpa Investigation Unit,
Flower of Evil,Apple TV
Flower of Evil, Hulu
Flower of Evil, Viki
Flower of Queen,
Flower of Revenge,
Flowers of the Prison,Viki
Fly High Butterfly,
Forecasting Love and Weather,TVING
Forecasting Love and Weather, Netflix
Forest,Apple TV
Forest, Viki
Forever Young,
Foundation of the Kingdom,KBS Drama Classic
Four Sisters,
"Freedom Fighter, Lee Hoe-young",
Freeze,
"From Now On, Showtime!",Viki
Full House Take 2,Viki
Gangnam Beauty,Disney Hotstar
Gangnam Beauty, WeTV
Gangnam Beauty, Netflix
Gangnam Beauty, Apple TV
Gangnam Beauty, iflix
Gangnam Beauty, Viki
Gangnam Scandal,
Gap-dong,
Get Revenge,Viki
Get Up,
Ghost Doctor,Viki
Ghost Doctor, Netflix
Ghost Doctor, TVING
Girls' Generation 1979,Viki
Glamorous Temptation,Viki
Glass Castle,
Glass Mask,
Glass Slippers,
Glitch,Netflix
Gloria,
Glorious Day,
Glory Jane,
Go Back,PlayList Global
God of War,
Goddess of Fire,Viki
Goddess of Marriage,SBS World
Goddess of Marriage, Viki
God's Gift: 14 Days,SBS World
God's Gift: 14 Days, Viki
"Gogh, The Starry Night",Viki
Gold Mask,
Golden Apple,
Golden Bride,
Golden Cross,Viki
Golden Fish,
Golden Pouch,
Golden Rainbow,Viki
Golden Spoon,
Golden Time,Viki
Good Casting,SBS World
Good Casting, Viki
Good Doctor,Viki
"Good Job, Good Job",
Good Manager,Viki
Goodbye Dear Wife,AsianCrush
Goodbye Dear Wife, Netflix
Goodbye Mr. Black,iWant TFC
Goodbye Mr. Black, Viki
Goodbye My Love,
Goodbye Solo,
Goodbye to Goodbye,Viki
Graceful Family,Viki
Graceful Friends,Disney Hotstar
Graceful Friends, Netflix
Gracious Revenge,KBS World
Grand Prince,Viki
Green Mothers' Club,TVING
Green Mothers' Club, Netflix
Grid,Disney Hotstar
Gu Family Book,Viki
Gu Family Book, Apple TV
Gu Family Book, Prime Video
Guardian Angel,
Guardian: The Lonely and Great God,Apple TV
Guardian: The Lonely and Great God, iflix
Guardian: The Lonely and Great God, Viki
Gunman in Joseon,KBS World
Gunman in Joseon, Viki
"Gwanggaeto, The Great Conqueror",KBS Drama Classic
Gyebaek,Viki
Haechi,Viki
Happiness,TVING
Happiness, Viki
Happiness, WeTV
Happiness, Netflix
Happy Ending,
Happy Home,
Happy Sisters,
Happy Together,
He Is Psychometric,Viki
He Is Psychometric, WeTV
He Is Psychometric, KDRAMA
He Is Psychometric, Apple TV
Healer,Viki
Healer, Apple TV
Healer, Prime Video
Heard It Through the Grapevine,Viki
Heart Surgeons,SBS World
Heart Surgeons, Viki
Heart to Heart,
Heartless City,Viki
Heartstrings,Viki
Hell Is Other People,Prime Video
Hell Is Other People, Netflix
Hell Is Other People, KDRAMA
Hellbound,Netflix
Hello Franceska,
Hello Monster,Apple TV
Hello Monster, Viki
"Hello, Me!",Netflix
"Hello, My Twenties!",Prime Video
"Hello, My Twenties!", Netflix
"Hello, My Twenties!", Apple TV
Her Private Life,WeTV
Her Private Life, Netflix
Her Private Life, Apple TV
Her Private Life, Prime Video
Her Private Life, Viki
Here Comes Mr. Oh,
Here's My Plan,Wavve
Here's My Plan, Viki
Hero,
"Hi Bye, Mama!",Netflix
Hi! School: Love On,KBS World
Hi! School: Love On, Viki
Hi! School: Love On, Netflix
Hidden Identity,
Hide and Seek,Apple TV
Hide and Seek, Viki
High Class,TVING
High Class, WeTV
High End Crush,Viki
High Kick!,
High Kick: Revenge of the Short Legged,
High School King of Savvy,Apple TV
High School King of Savvy, Viki
High Society,SBS World
High Society, Viki
High Society, SBS VOD
History of a Salaryman,
Hit the Top,Viki
Hit the Top, Apple TV
Hogu's Love,AsianCrush
Hogu's Love, Prime Video
Hold Me Tight,Viki
Hold My Hand,
Home for Summer,KBS World
Homemade Love Story,KBS World
Homemade Love Story, Viki
Homemade Love Story, Netflix
Hometown,TVING
Hometown, WeTV
Hometown, Netflix
Hometown Cha-Cha-Cha,TVING
Hometown Cha-Cha-Cha, Netflix
Hong Kong Express,
Hospital Playlist,Netflix
Hospital Ship,
Hot Stove League,Viki
Hot Stove League, Netflix
Hotel del Luna,WeTV
Hotel del Luna, Netflix
Hotel del Luna, KDRAMA
Hotel del Luna, Apple TV
Hotel del Luna, Viki
Hotel King,
Hotelier,
House of Bluebird,KBS World
How Are U Bread,Viki
How Long I've Kissed,Viki
How to Be Thirty,Kakao TV
How to Be Thirty, Viki
How to Buy a Friend,Viki
How to Meet a Perfect Neighbor,
How Should I Be,
Hur Jun,
"Hur Jun, The Original Story",
Hush,
Hwarang: The Poet Warrior Youth,WeTV
Hwarang: The Poet Warrior Youth, Netflix
Hwarang: The Poet Warrior Youth, Apple TV
Hwarang: The Poet Warrior Youth, Viki
"Hyde Jekyll, Me",iWant TFC
"Hyde Jekyll, Me", SBS World
"Hyde Jekyll, Me", Viki
"Hyde Jekyll, Me", Netflix
Hyena,
I Can Hear Your Voice,WeTV
I Can Hear Your Voice, Apple TV
I Can Hear Your Voice, Viki
"I Do, I Do",Viki
I Have a Lover,SBS World
I Have a Lover, Viki
I Have a Lover, iWant TFC
I Like You,
I Love Lee Taly,Viki
I Need Romance,
I Need Romance 2012,
I Need Romance 3,
I Order You,Viki
I Picked Up a Celebrity on the Street,Apple TV
I Picked Up a Celebrity on the Street, Viki
I Wanna Hear Your Song,Viki
I'm After You,
I'm Not a Robot,WeTV
I'm Not a Robot, Apple TV
I'm Not a Robot, Viki
"I'm Sorry, But I Love You",KBS World
"I'm Sorry, But I Love You", Viki
"I'm Sorry, I Love You",KBS World
"I'm Sorry, I Love You", Viki
Ice Adonis,KDRAMA
Idol Drama Operation Team,KBS World
Idol: The Coup,
If Tomorrow Comes,
If You Wish Upon Me,Wavve
If You Wish Upon Me, Viki
Iljimae,
Imaginary Cat,Viki
Imitation,Viki
Imitation, Netflix
Immortal Admiral Yi Sun-sin,
In-soon Is Pretty,
Incarnation of Money,SBS World
Innocent Defendant,Viki
Innocent Defendant, SBS VOD
Insider,Viki
Inspector Koo,Netflix
Inspiring Generation,
"Insu, the Queen Mother",
Into the Flames,
Introverted Boss,KDRAMA
Introverted Boss, WeTV
Introverted Boss, Netflix
Ireland,
Iris,WeTV
Iris II: New Generation,WeTV
Island,
Itaewon Class,Netflix
Item,Apple TV
Item, Viki
It's Beautiful Now,KBS World
It's My Life,KBS World
It's Okay to Not Be Okay,Netflix
"It's Okay, That's Love",Disney Hotstar
"It's Okay, That's Love", WeTV
"It's Okay, That's Love", Viki
Jang Bo-ri Is Here!,Viki
"Jang Ok-jung, Living by Love",
Jeong Do-jeon,
Ji Woon-soo's Stroke of Luck,
Jinxed at First,Viki
Jirisan,TVING
Jirisan, Viki
Jolly Widows,
Joseon Exorcist,WeTV
Joseon Survival Period,
JTBC Drama Festa,TVING
JTBC Drama Festa, Netflix
Judge vs. Judge,SBS World
Judge vs. Judge, Viki
Judge vs. Judge, Netflix
Jugglers,Viki
Jump,
Jungle Fish,KBS World
Just Dance,Viki
Justice,Apple TV
Justice, Viki
Juvenile Justice,Netflix
Kairos,Apple TV
Kairos, Viki
My Prettiest Moments,Viki
A Sea of Her Own,
Dal Soon's Spring,
Dear My Sister,
Eunhui,KBS World
In Still Green Days,
Land of Gold,
My Mind's Flower Rain,
Samsaengi,KBS World
Single-minded Dandelion,
Sunok,
That Sun in the Sky,
The Stars Are Shining,
Kill Heel,Viki
Kill It,Viki
Kill It, WeTV
"Kill Me, Heal Me",WeTV
"Kill Me, Heal Me", Apple TV
"Kill Me, Heal Me", China Huace TV
"Kill Me, Heal Me", Viki
Kim Is a Genius,
Kimchi Cheese Smile,
Kimchi Family,Viki
King of Ambition,SBS World
King of Ambition, Viki
Kingdom,Netflix
Kingmaker: The Change of Destiny,KDRAMA
Kingmaker: The Change of Destiny, Viki
Kiss Sixth Sense,Disney Hotstar
Kkondae Intern,WeTV
Kkondae Intern, Viki
Korean Peninsula,
L.U.C.A.: The Beginning,Viki
L.U.C.A.: The Beginning, WeTV
L.U.C.A.: The Beginning, TVING
Lady Cha Dal-rae's Lover,
Land of Wine,
Last,Viki
Late Night Restaurant,
Law School,Netflix
Lawless Lawyer,WeTV
Lawless Lawyer, Netflix
Lawless Lawyer, KDRAMA
Lawless Lawyer, Apple TV
Lawless Lawyer, Viki
Lawyers,
Left-Handed Wife,KBS World
Legal High,Viki
Legend of Hyang Dan,
Less Than Evil,Viki
Let Me Be Your Knight,Viki
Let Me Introduce Her,Apple TV
Let Me Introduce Her, SBS World
Let Me Introduce Her, Viki
Let's Eat,Netflix
Let's Eat 2,
Let's Eat 3,KDRAMA
Level Up,Apple TV
Level Up, Viki
Leverage,
Liar Game,
Lie After Lie,Viki
Lie to Me,Viki
Lie to Me, Netflix
Life,Netflix
Life Is Beautiful,
Life on Mars,KDRAMA
Lights and Shadows,Viki
Light on Me,KOK TV
Light on Me, Viki
Likeable or Not,
"Link: Eat, Love, Kill",Disney
Listen to Love,Disney Hotstar
Listen to Love, Viki
Listen to My Heart,Viki
Little Women,
Live,KDRAMA
Live, Netflix
Live On,Viki
Live On, WeTV
Live Up to Your Name,KDRAMA
Live Up to Your Name, Netflix
Liver or Die,Viki
Liver or Die, Netflix
Living Among the Rich,
Living in Style,Viki
Lobbyist,
Local Hero,
Look Back in Anger,
Loss Time Life,
Lost,
Love & Secret,
Love (ft. Marriage and Divorce),Netflix
Love Again,Viki
Love Alarm,Netflix
Love Alert,Apple TV
Love Alert, Viki
Love All Play,Disney Hotstar
Love and Obsession,
Love Can't Wait,
Love for a Thousand More,
Love in 3 Colors,
Love in Her Bag,Viki
Love in Sadness,Viki
Love in the Moonlight,Apple TV
Love in the Moonlight, Viki
Love in the Moonlight, WeTV
Love in the Moonlight, Netflix
Love Me When You Can,
Love on a Rooftop,KBS World
Love Playlist,PlayList Global
Love Playlist, WeTV
Love Rain,Viki
Love Rain, Netflix
Love Returns,KBS World
Love Revolution,Kakao TV
Love Revolution, Viki
Love Scene Number,Viki
Love to Hate You,Netflix
Love to the End,KBS World
Love Twist,KBS World
Love Twist, Viki
Love with Flaws,Apple TV
Love with Flaws, Viki
Loveholic,
Lovely Horribly,Viki
Lovers,
Lovers in Bloom,KBS World
Lovers in Paris,
Lovers in Prague,
Lovers of Haeundae,Viki
Lovers of Music,KBS World
Lovers of Music, Viki
Lovers of the Red Sky,Viki
Lovestruck in the City,Kakao TV
Lovestruck in the City, Netflix
Lucky Romance,Viki
Lucky Romance, Apple TV
Ma Boy,Tooniverse
Mad Dog,Apple TV
Mad Dog, Viki
Madame Antoine: The Love Therapist,Viki
Magic Cellphone,Netflix
Magic Kid Masuri,
Make a Woman Cry,
Make Your Wish,
Mama,
Man from the Equator,
Man in a Veil,Apple TV
Man in a Veil, Viki
Man in the Kitchen,Viki
Man to Man,Netflix
Man Who Dies to Live,
Manhole,Viki
Manny,
Marriage Contract,Viki
Marriage Contract, Netflix
"Marriage, Not Dating",Viki
"Marriage, Not Dating", WeTV
"Marriage, Not Dating", KDRAMA
Marry Him If You Dare,Viki
Marry Me Now,Apple TV
Marry Me Now, KBS World
Marry Me Now, Viki
Marrying a Millionaire,
Marrying My Daughter Twice,
Mask,SBS World
Mask, Viki
Master's Sun,Apple TV
Master's Sun, Viki
Matrimonial Chaos,Viki
May Queen,Viki
"Me Too, Flower!",Viki
Medical Top Team,Viki
Melancholia,WeTV
Melancholia, Netflix
Melancholia, TVING
Melancholia, Viki
Melody of Love,KBS World
Meloholic,Viki
Melting Me Softly,Apple TV
Melting Me Softly, Viki
Melting Me Softly, KDRAMA
Memories of the Alhambra,Netflix
Memorials,Viki
Memorials, Netflix
Memorist,Viki
Memorist, WeTV
Memory,
Men Are Men,Viki
Mental Coach Je Gal-gil,
Merry Mary,
Military Prosecutor Doberman,Netflix
Military Prosecutor Doberman, Viki
Mimi,Viki
Mina,
Mine,TVING
Mine, Netflix
Misaeng: Incomplete Life,Viki
Misaeng: Incomplete Life, WeTV
Misaeng: Incomplete Life, Netflix
Miss Ajumma,
Miss Korea,Viki
Miss Lee,
Miss Mamma Mia,
Miss Mermaid,
Miss Monte-Cristo,Viki
Miss Panda and Mr. Hedgehog,Viki
Miss Panda and Mr. Hedgehog, Netflix
Miss Ripley,
Missing 9,
Missing You,Viki
Missing: The Other Side,Viki
Mistress,KDRAMA
Mistress, Viki
Misty,Disney Hotstar
Misty, Viki
Misty, Netflix
Model,
Modern Farmer,SBS World
Modern Farmer, Viki
Mom Has an Affair,Viki
Mom's Dead Upset,
Money Flower,Viki
Money Game,WeTV
Money Heist: Korea – Joint Economic Area,Netflix
Monstar,KDRAMA
Monster,
Monstrous,TVING
Monthly Magazine Home,Viki
Moon Embracing the Sun,WeTV
Moon Embracing the Sun, Apple TV
Moon Embracing the Sun, iflix
Moon Embracing the Sun, Viki
Moon Lovers: Scarlet Heart Ryeo,SBS VOD
Moonshine,Prime Video
Moonshine, Viki
Moorim School: Saga of the Brave,Viki
More Than a Maid,
More Than Friends,Disney Hotstar
More Than Friends, Hulu
More Than Friends, Viki
More Than Friends, WeTV
More Than Friends, Netflix
Mother of Mine,
Mother's Garden,
Mouse,Viki
Mouse, WeTV
Mouse, Apple TV
Mouse, TVING
Move to Heaven,Netflix
Moving,
Mr. Back,Viki
Mr. Duke,
Mr. Queen,Prime Video
Mr. Queen, Hulu
Mr. Queen, Viki
Mr. Sunshine,Netflix
Mrs. Cop,SBS World
Mrs. Cop, Viki
Mrs. Cop, SBS VOD
Mrs. Cop, Apple TV
Mrs. Cop 2,Viki
Mrs. Cop 2, Apple TV
Ms. Hammurabi,Viki
Ms. Hammurabi, WeTV
"Ms. Ma, Nemesis",Apple TV
"Ms. Ma, Nemesis", Viki
Ms. Perfect,Viki
My Absolute Boyfriend,Viki
My Absolute Boyfriend, Apple TV
My Absolute Boyfriend, Hulu
My Beautiful Bride,
My Beloved Sister,
"My Contracted Husband, Mr. Oh",Viki
"My Contracted Husband, Mr. Oh", Netflix
My Country: The New Age,Netflix
My Dangerous Wife,Apple TV
My Dangerous Wife, Viki
My Daughter the Flower,SBS VOD
"My Daughter, Geum Sa-wol",
My Dear Cat,KBS World
My Fair Lady,
My Father Is Strange,Apple TV
My Father Is Strange, Viki
My Fellow Citizens!,Viki
My Fellow Citizens!, Netflix
My Fellow Citizens!, Apple TV
My First First Love,Netflix
My First Love,Viki
My First Time,
My Golden Life,Apple TV
My Golden Life, Viki
My Healing Love,Viki
My Heart Twinkle Twinkle,SBS World
My Heart Twinkle Twinkle, Viki
My Holo Love,Netflix
My Horrible Boss,Viki
My Husband Got a Family,
My Husband's Woman,
My Kids Give Me a Headache,Apple TV
My Kids Give Me a Headache, Viki
"My Lawyer, Mr. Jo",Viki
"My Lawyer, Mr. Jo 2: Crime and Punishment",Viki
My Liberation Notes,TVING
My Liberation Notes, Netflix
My Little Baby,Prime Video
My Little Baby, Netflix
My Love By My Side,
My Love from the Star,Viki
My Love from the Star, Apple TV
My Love Patzzi,
My Lovely Girl,Apple TV
My Lovely Girl, SBS World
My Lovely Girl, Viki
My Mister,WeTV
My Mister, Netflix
My Mister, KDRAMA
My Mister, Apple TV
My Mister, Viki
My Mother Is a Daughter-in-law,
My Name,Netflix
My Only Love Song,Netflix
My Only One,Viki
My Only One, Netflix
My Only One, KBS World
My Roommate Is a Gumiho,Viki
My Roommate Is a Gumiho, Netflix
My Roommate Is a Gumiho, Apple TV
My Roommate Is a Gumiho, TVING
My Rosy Life,
My Runway,Netflix
My Sassy Girl,SBS World
My Sassy Girl, Viki
My Sassy Girl, Netflix
My Secret Hotel,Viki
My Secret Romance,KDRAMA
My Secret Romance, Apple TV
My Secret Romance, Viki
My Secret Romance, Netflix
My Secret Terrius,
My Spring Days,Viki
My Strange Hero,Viki
My Strange Hero, Apple TV
My Too Perfect Sons,
My Unfamiliar Family,Viki
My Unfamiliar Family, Netflix
My Unfamiliar Family, Apple TV
My Unfortunate Boyfriend,AsianCrush
My Unfortunate Boyfriend, Prime Video
Mysterious Personal Shopper,KBS World
Mystic Pop-up Bar,Netflix
Naeil's Cantabile,
Naked Fireman,Viki
Navillera,TVING
Navillera, Netflix
Never Twice,Viki
Nevertheless,Netflix
New Heart,Viki
Nice Witch,Viki
Night Light,Netflix
Nine,
No Matter What,Viki
"No, Thank You",
"Noble, My Love",Apple TV
"Noble, My Love", Viki
Nobody Knows,Viki
Nokdu Flower,Viki
Nonstop,
"Now, We Are Breaking Up",Viki
Oh Feel Young,
Oh My Baby,WeTV
Oh My Baby, Netflix
Oh My Baby, KDRAMA
Oh My Baby, Viki
Oh My Ghost,KDRAMA
Oh My Ghost, AsianCrush
Oh My Ghost, Prime Video
Oh My Ghost, Viki
Oh My Ghost, WeTV
Oh My Ghost, Netflix
Oh My Ladylord,
Oh My Venus,WeTV
Oh My Venus, Apple TV
Oh My Venus, iflix
Oh My Venus, Hulu
Oh My Venus, Viki
Oh! My Lady,
"Oh, the Mysterious",SBS World
"Oh, the Mysterious", Viki
Ohlala Couple,
Ojakgyo Family,KBS Drama
On Air,Viki
On the Verge of Insanity,Prime Video
On the Verge of Insanity, Viki
On the Way to the Airport,
Once Again,Viki
Once Again, Apple TV
One Fine Day,
One More Happy Ending,Viki
One More Happy Ending, Netflix
One More Time,Netflix
One Ordinary Day,
One Spring Night,Netflix
One Sunny Day,
One the Woman,Prime Video
One the Woman, Viki
One Thousand Won Lawyer,
One Warm Word,SBS World
One Warm Word, Viki
One Well-Raised Daughter,
Only Love,
Only You,
Operation Proposal,Netflix
Orange Marmalade,Viki
Our Beloved Summer,Wavve
Our Beloved Summer, Netflix
Our Blues,TVING
Our Blues, Netflix
Our Gap-soon,Viki
Over the Rainbow,    
Pachinko,Apple TV
Padam Padam,Viki
Papa,
Partners for Justice,Viki
Partners for Justice, Apple TV
Passionate Love,
Pegasus Market,
Perfume,Apple TV
Perfume, Viki
Persona,Netflix
Phantom,SBS World
Phantom, Viki
Phoenix,
Phoenix 2020,Viki
Piano,
Pied Piper,
Pink Lipstick,
Pinocchio,WeTV
Pinocchio, Apple TV
Pinocchio, Viki
Player,KDRAMA
Player, Viki
Player, WeTV
"Please Come Back, Soon-ae",
Please Don't Date Him,Viki
Please Don't Date Him, WeTV
Please Don't Date Him, Apple TV
Plus Nine Boys,
Police University,Viki
Police University, Netflix
Police University, Prime Video
"Poong, the Joseon Psychiatrist",Viki
Poseidon,
Possessed,Netflix
Potato Star 2013QR3,
Pots of Gold,
Precious Family,
Pride and Prejudice,Viki
Pride and Prejudice, Netflix
Priest,
Prime Minister & I,Viki
Princess Aurora,
Princess Hours,
Prison Playbook,Disney Hotstar
Prison Playbook, Netflix
Prison Playbook, KDRAMA
Private Lives,Netflix
Protect the Boss,Viki
Protect the Boss, Apple TV
Psychopath Diary,Viki
Punch,SBS World
Punch, Viki
Pure Love,
Pure Pumpkin Flower,
Que Sera Sera,
Queen and I,AsianCrush
Queen and I, Prime Video
Queen for Seven Days,Viki
Queen for Seven Days, Apple TV
Queen of Mystery,Apple TV
Queen of Mystery, Viki
Queen of Mystery 2,Apple TV
Queen of Mystery 2, Viki
Queen: Love and War,Viki
Quiz of God,
Racket Boys,Netflix
Radiant Office,
Radio Romance,Viki
Rain or Shine,Disney Hotstar
Rain or Shine, WeTV
Rain or Shine, Netflix
Rain or Shine, Viki
Record of Youth,Netflix
Red Shoes,Prime Video
Red Shoes, Viki
Red Shoes, KBS World
Reflection of You,Netflix
Remarriage & Desires,Netflix
Remember,
Replay: The Moment,Apple TV
Replay: The Moment, Tubi
Replay: The Moment, Kakao TV
Replay: The Moment, Prime Video
Replay: The Moment, Viki
Reply Series,Apple TV
Reply Series, Viki
Reply Series, WeTV
Reply Series, Netflix
Reply 1988,Apple TV
Reply 1988, Viki
Reply 1988, WeTV
Reply 1988, Netflix
Reply 1994,Viki
Reply 1994, WeTV
Reply 1997,Apple TV
Reply 1997, Viki
Reply 1997, KDRAMA
Reset,
Resurrection,
Return,Viki
Reunited Worlds,Viki
Reunited Worlds, Netflix
Reunited Worlds, SBS World
Reverse,
Revolutionary Love,KDRAMA
Revolutionary Love, Apple TV
Revolutionary Love, iflix
Revolutionary Love, Viki
Revolutionary Love, WeTV
Revolutionary Love, Netflix
Revolutionary Sisters,Prime Video
Revolutionary Sisters, Viki
Revolutionary Sisters, Netflix
Revolutionary Sisters, KBS World
Rich Man,Hulu
Rich Man, Viki
Rich Man, Apple TV
Righteous Love,
Risky Romance,Prime Video
Risky Romance, Viki
Risky Romance, AsianCrush
River Where the Moon Rises,Viki
Robber,Viki
Romance,Viki
Romance Is a Bonus Book,Netflix
Romance Town,
Rooftop Prince,Apple TV
Rooftop Prince, SBS World
Rooftop Prince, Viki
Rooftop Prince, WeTV
Rookie Historian Goo Hae-ryung,Netflix
Rookie Cops,Disney Hotstar
Room No. 9,KDRAMA
Rose Mansion,
Rosy Lovers,
Royal Secret Agent,
Ruby Ring,KBS Drama
Ruby Ring, KBS World
Ruby Ruby Love,
Rugal,Netflix
Ruler of Your Own World,Viki
Run On,Netflix
"Run, Jang-mi",
Rustic Period,
Sad Love Story,
"Saimdang, Memoir of Colors",Viki
"Saimdang, Memoir of Colors", Netflix
"Saimdang, Memoir of Colors", AsianCrush
"Saimdang, Memoir of Colors", Prime Video
Salamander Guru and The Shadows,SBS World
Salut D'Amour,
Sandglass,
Save Me,KDRAMA
Save Me 2,KDRAMA
Save the Family,KBS World
Save the Last Dance for Me,
Say It with Your Eyes,
Scent of a Woman,Viki
School 2013,Apple TV
School 2013, Viki
School 2017,Viki
School 2017, Apple TV
School 2021,Viki
Who Are You: School 2015,Viki
Who Are You: School 2015, Apple TV
Who Are You: School 2015, KBS World
Schoolgirl Detectives,Viki
Search,Viki
Search: WWW,WeTV
Search: WWW, KDRAMA
Search: WWW, Apple TV
Search: WWW, iflix
Search: WWW, Hulu
Search: WWW, Viki
Second 20s,Netflix
Second to Last Love,Viki
Secret,
Secret Affair,Viki
Secret Boutique,SBS World
Secret Boutique, Viki
Secret Door,SBS World
Secret Door, Viki
Secret Healer,Viki
Secret Love,
Secret Mother,SBS World
Secret Mother, Viki
Secret Royal Inspector & Joy,TVING
Secret Royal Inspector & Joy, Viki
Secret Royal Inspector & Joy, WeTV
Secret Royal Inspector & Joy, Netflix
Secrets and Lies,
Secrets of Women,KBS World
Sell Your Haunted House,Prime Video
Sell Your Haunted House, Viki
Sell Your Haunted House, Netflix
Semantic Error,Apple TV
Semantic Error, Viki
Seoul 1945,
"Seoyoung, My Daughter",KBS World
"Seoyoung, My Daughter", Viki
She Knows Everything,Viki
She Was Pretty,Apple TV
She Was Pretty, Viki
She Was Pretty, WeTV
She Would Never Know,
Shine or Go Crazy,Viki
Shining Romance,
Shopping King Louie,Viki
Short,Viki
Should We Kiss First?,SBS World
Show Window: The Queen's House,Viki
Sh**ting Stars,Viki
Sh**ting Stars, TVING
Signal,WeTV
Signal, Netflix
Signal, Viki
Sin Don,
Single Dad in Love,
Sisters of the Sea,
Sisyphus: The Myth,Netflix
Six Flying Dragons,SBS VOD
Sketch,Apple TV
Sketch, Viki
Sky Castle,Disney Hotstar
Sky Castle, WeTV
Sky Castle, Netflix
Sky Castle, Viki
Smile Again,
"Smile, Mom",
Snow Flower,
Snowdrop,Disney Hotstar
Snowdrop, Disney
So I Married the Anti-fan,Viki
So Not Worth It,Netflix
Solomon's Perjury,Viki
Solomon's Perjury, Netflix
Somebody,Netflix
Someday,AsianCrush
Something About 1%,Viki
Something About 1 Percent,Viki
Something About Us,
Something Happened in Bali,
Something in the Rain,Netflix
Songgot: The Piercer,
Soul Mechanic,Viki
Soundtrack 1,Disney Hotstar
Special Affairs Team TEN,
Special Labor Inspector,Viki
Splendid Politics,Viki
Sponsor,Viki
Spotlight,Viki
Spring Day,
Spring Turns to Spring,Apple TV
Spring Turns to Spring, Viki
Spy,
Spy Myung-wol,
Squad 38,
Squid Game,Netflix
Stained Glass,
Standby,
Star in My Heart,
Stars Falling from the Sky,KDRAMA
Stars Falling from the Sky, Apple TV
Stars Falling from the Sky, Viki
Start-Up,Netflix
Star's Echo,
Star's Lover,Viki
Star's Lover, Apple TV
Steal Heart,Viki
Still 17,WeTV
Still 17, Viki
Still You,
Stranger,Disney Hotstar
Stranger, Netflix
Strong Girl Bong-soon,Disney Hotstar
Strong Girl Bong-soon, WeTV
Strong Girl Bong-soon, Apple TV
Strong Girl Bong-soon, iflix
Strong Girl Bong-soon, Prime Video
Strong Girl Bong-soon, Viki
Strongest Deliveryman,Tubi
Strongest Deliveryman, Netflix
Suits,Netflix
Sunlight Pours Down,SBS VOD
Sunny Again Tomorrow,KBS World
Super Daddy Yeol,
Super Rookie,
Surgeon Bong Dal-hee,Viki
Suspicious Partner,Apple TV
Suspicious Partner, Viki
Suspicious Partner, WeTV
Sweden Laundry,Viki
Sweet Buns,
Sweet Enemy,
Sweet Home,Netflix
"Sweet Home, Sweet Honey",KBS World
Sweet Munchies,Viki
Sweet Munchies, Netflix
Sweet Revenge,Apple TV
Sweet Revenge, Tubi
Sweet Revenge, AsianCrush
Sweet Revenge, Viki
Sweet Revenge 2,AsianCrush
Sweet Revenge 2, Viki
Sweet Revenge 2, Tubi
Sweet Spy,
Sweet Stranger and Me,Viki
"Sweet, Savage Family",Viki
Switch,SBS World
Switch, Viki
Syndrome,
Taejo Wang Geon,
"Take Care of Us, Captain",SBS World
"Take Care of Us, Captain", Viki
Tale of Fairy,Viki
Tale of Fairy, WeTV
Tale of the Nine Tailed,WeTV
Tale of the Nine Tailed, Netflix
Tale of the Nine Tailed, Viki
Tasty Life,
Taxi Driver,Viki
Taxi Driver, Netflix
Taxi Driver, Prime Video
Tazza,Viki
Team Bulldog: Off-Duty Investigation,KDRAMA
Team Bulldog: Off-Duty Investigation, Viki
Tears of Heaven,KDRAMA
Tears of the Dragon,
Tell Me What You Saw,Viki
Temperature of Love,Apple TV
Temperature of Love, SBS World
Temperature of Love, Viki
Temperature of Love, Netflix
Temptation,SBS World
Temptation, Viki
Temptation of Wife,
Tempted,Viki
Tempted, Apple TV
Terroir,
Thank You,    
Thank You, Viki
"That Winter, the Wind Blows",Viki
"That Winter, the Wind Blows", Netflix
"That Winter, the Wind Blows", Apple TV
"That Winter, the Wind Blows", Tubi
The Accidental Narco,
The All-Round Wife,KBS World
The All-Round Wife, Prime Video
The All-Round Wife, Viki
The Banker,Viki
The Beauty Inside,Disney Hotstar
The Beauty Inside, Apple TV
The Beauty Inside, iflix
The Beauty Inside, Viki
The Beauty Inside, WeTV
The Beauty Inside, Netflix
The Birth of a Family,
The Blade and Petal,
The Bride of Habaek,WeTV
The Bride of Habaek, Netflix
The Bride of Habaek, KDRAMA
The Bride of Habaek, Apple TV
The Bride of Habaek, Viki
The Chaser,Viki
The Clinic for Married Couples: Love and War,
The Cursed,WeTV
The Cursed, Netflix
The Crowned Clown,WeTV
The Crowned Clown, Netflix
The Crowned Clown, KDRAMA
The Crowned Clown, Viki
The Dawn of the Empire,
The Devil,
The Devil Judge,TVING
The Devil Judge, Viki
The Devil Judge, WeTV
The Devil Judge, Netflix
The Doctors,SBS VOD
The Doctors, Apple TV
The Doctors, SBS World
The Doctors, Prime Video
The Doctors, Viki
The Eldest,
The Emperor: Owner of the Mask,
The Empire of Law,
The End of the World,
The Family is Coming,SBS World
The Fiery Priest,Viki
The Fiery Priest, Apple TV
The Forbidden Marriage,
The Fugitive of Joseon,Prime Video
The Game: Towards Zero,Viki
The Gentlemen of Wolgyesu Tailor Shop,KBS World
The Gentlemen of Wolgyesu Tailor Shop, Viki
The Ghost Detective,Viki
The Good Detective,Disney Hotstar
The Good Detective, Netflix
The Good Wife,
"The Great King, Sejong",
The Great Merchant,
The Great Seer,
The Great Shaman Ga Doo-shim,Kakao TV
The Great Shaman Ga Doo-shim, Viki
The Great Show,Viki
The Greatest Love,Viki
The Greatest Marriage,Netflix
The Guardians,Viki
The Guardians, Netflix
The Guest,WeTV
The Guest, Netflix
The Guest, KDRAMA
The Heirs,WeTV
The Heirs, Netflix
The Heirs, Apple TV
The Heirs, Viki
The Hymn of Death,Netflix
The Idle Mermaid,
The Idolmaster KR,Prime Video
The Innocent Man,WeTV
The Innocent Man, Netflix
The Innocent Man, Viki
The Jingbirok: A Memoir of Imjin War,
The K2,KDRAMA
The K2, Apple TV
The K2, Viki
The K2, WeTV
The K2, Netflix
The Killer's Shopping List,TVING
The Killer's Shopping List, Viki
The King 2 Hearts,Prime Video
The King 2 Hearts, Viki
The King and I,
The King and the Queen,
The King in Love,Apple TV
The King in Love, Viki
The King of Chudong Palace,
The King of Dramas,SBS World
The King of Pigs,TVING
The King of Pigs, Prime Video
"The King of Tears, Lee Bang-won",Prime Video
"The King of Tears, Lee Bang-won", Viki
The King: Eternal Monarch,Netflix
The King's Affection,Netflix
"The King's Daughter, Soo Baek-hyang",
The King's Doctor,Viki
The King's Face,Viki
The Lady in Dignity,
The Last Empress,Viki
The Last Empress, SBS World
The Last Match,
The Law Cafe,
The Legend of the Blue Sea,Hulu
The Legend of the Blue Sea, Viki
The Legend of the Blue Sea, WeTV
The Legend of the Blue Sea, SBS VOD
The Legend of the Blue Sea, Apple TV
The Liar and His Lover,Viki
The Liar and His Lover, WeTV
The Liar and His Lover, KDRAMA
The Lies Within,Netflix
The Light in Your Eyes,Disney Hotstar
The Light in Your Eyes, Hulu
The Light in Your Eyes, Viki
The Lover,
The Man in the Mask,KBS World
The Man in the Mask, Viki
The Master of Revenge,Viki
The Merchant,
The Merchant: Gaekju 2015,Viki
The Miracle,Viki
The Miracle, Netflix
The Miracle We Met,Viki
The Most Beautiful Goodbye,KDRAMA
The Musical,
The Mysterious Class,
The Noblesse,
The One and Only,Viki
The One and Only, Netflix
The One and Only, TVING
The Package,Disney Hotstar
The Package, WeTV
The Package, Netflix
The Package, Viki
The Penthouse: War in Life,Viki
The Penthouse: War in Life, WeTV
The Police Station Next to the Fire Station,
The Princess' Man,Viki
The Producers,WeTV
The Producers, Viki
The Promise,KBS World
The Queen of Office,KBS Drama Classic
The Queen of Office, Viki
The Queen's Classroom,
The Rebel,Viki
The Red Sleeve,Apple TV
The Red Sleeve, Viki
The Reputable Family,
The Return of Hwang Geum-bok,
The Rich Son,Apple TV
The Rich Son, Viki
The Road Home,
The Road: The Tragedy of One,TVING
The Road: The Tragedy of One, Viki
The Road: The Tragedy of One, WeTV
The Royal Gambler,Viki
The Royal Gambler, Netflix
The Royal Gambler, SBS World
The Running Mates: Human Rights,
The Scandal,Viki
The Scholar Who Walks the Night,Viki
The School Nurse Files,Netflix
The Second Husband,Prime Video
The Second Husband, Viki
The Secret House,
The Secret Life of My Secretary,WeTV
The Secret Life of My Secretary, Viki
The Secret Lovers,
The Secret of Birth,SBS World
The Secret of Birth, Viki
The Secret of My Love,KBS World
The Silent Sea,Netflix
The Smile Has Left Your Eyes,KDRAMA
The Smile Has Left Your Eyes, Apple TV
The Smile Has Left Your Eyes, Viki
The Sound of Magic,Netflix
The Sound of Your Heart,Netflix
The Spies Who Loved Me,
The Suspicious Housekeeper,SBS World
The Suspicious Housekeeper, Viki
The Tale of Nokdu,WeTV
The Tale of Nokdu, Apple TV
The Tale of Nokdu, iflix
The Tale of Nokdu, Viki
The Third Charm,WeTV
The Third Charm, Netflix
The Third Charm, iflix
The Third Hospital,
The Three Musketeers,
The Time We Were Not in Love,SBS World
The Time We Were Not in Love, Viki
The Uncanny Counter,Netflix
The Undateables,SBS World
The Undateables, Viki
The Vampire Detective,
The Veil,Prime Video
The Veil, Viki
The Village: Achiara's Secret,Viki
The Virtual Bride,Viki
The Virus,
The Wedding Scheme,
The Wind Blows,Viki
The Wind Blows, Netflix
The Witch's Diner,Viki
The Witch's Diner, WeTV
The Witch's Diner, iflix
The World of the Married,Disney Hotstar
The World of the Married, iflix
The Youngest Son of a Conglomerate,
Thirty-Nine,TVING
Thirty-Nine, Netflix
This Is My Love,Viki
This Is My Love, Netflix
Thousand Years of Love,
Three Color Fantasy,
Queen of the Ring,
Romance Full of Life,
The Universe's Star,
Three Days,SBS World
Three Days, Viki
Three Friends,
Three Sisters,
Thrice Married Woman,SBS World
Through the Darkness,Prime Video
Through the Darkness, Viki
Through the Darkness, Apple TV
Times,Viki
Times, WeTV
To My Beloved,
To the Beautiful You,Viki
Today's Webtoon,Viki
"Toji, the Land",SBS VOD
Tokyo Sun Shower,
Tomorrow,Netflix
Tomorrow Boy,Viki
"Tomorrow, with You",WeTV
"Tomorrow, with You", Netflix
"Tomorrow, with You", KDRAMA
"Tomorrow, with You", Viki
Top Management,
Top Star U-back,KDRAMA
Touch,Viki
Touch Your Heart,iWant TFC
Touch Your Heart, Viki
Touch Your Heart, WeTV
Touch Your Heart, Netflix
Touch Your Heart, KDRAMA
Tracer,Wavve
Train,Viki
Trap,
Triangle,
Trio,
Trolley,
True Beauty,Viki
True Beauty, Apple TV
True Sword Battle,
Tunnel,WeTV
Tunnel, KDRAMA
Tunnel, Viki
Twelve Nights,Viki
Two Cops,Viki
Two Cops, Apple TV
Two Mothers,KBS World
Two Weeks,Viki
Two Wives,
Two Women's Room,
Ugly Alert,SBS VOD
Ugly Miss Young-ae,
Unasked Family,KBS World
Uncle,Viki
Uncontrollably Fond,Hulu
Uncontrollably Fond, Viki
Uncontrollably Fond, WeTV
Uncontrollably Fond, Netflix
Undercover,
Unkind Ladies,KBS World
Unknown Woman,KBS World
Unstoppable Marriage,
Until the Azalea Blooms,
Untouchable,Disney Hotstar
Vagabond,Netflix
Vampire Idol,
Vampire Prosecutor,
Vincenzo,TVING
Vincenzo, Netflix
VIP,SBS World
VIP, Viki
VIP, Netflix
Voice,Viki
Voice, Netflix
Voice, KDRAMA
Voice, Prime Video
W,WeTV
W, Apple TV
W, iflix
W, Viki
Wang's Family,KBS World
Want a Taste?,
Wanted,SBS VOD
Wanted, SBS World
Wanted, Viki
War of Money,
Warm and Cozy,Viki
Warm and Cozy, Netflix
Warrior Baek Dong-soo,SBS World
Warrior Baek Dong-soo, Viki
Was It Love?,Netflix
Watcher,Disney Hotstar
Watcher, Viki
We Are Dating Now,
We Broke Up,
Webtoon Hero Toondra Show,
Wedding,
Wednesday 3:30 PM,Viki
Weightlifting Fairy Kim Bok-joo,WeTV
Weightlifting Fairy Kim Bok-joo, Apple TV
Weightlifting Fairy Kim Bok-joo, iWant TFC
Weightlifting Fairy Kim Bok-joo, Viki
Welcome,Netflix
Welcome 2 Life,Apple TV
Welcome 2 Life, Viki
Welcome Rain to My Life,
Welcome to Waikiki,iflix
Welcome to Waikiki, Viki
Welcome to Waikiki, WeTV
Welcome to Waikiki, Netflix
Welcome to Waikiki 2,iflix
Welcome to Waikiki 2, Viki
Welcome to Waikiki 2, WeTV
Welcome to Waikiki 2, Netflix
Welcome to Wedding Hell,Netflix
West Palace,
What Happens to My Family?,Viki
What's for Dinner?,
What's Up,
What's Up Fox,
What's Wrong with Secretary Kim,WeTV
What's Wrong with Secretary Kim, Apple TV
What's Wrong with Secretary Kim, iflix
What's Wrong with Secretary Kim, Hulu
What's Wrong with Secretary Kim, Viki
When a Man Falls in Love,Viki
When I Was the Most Beautiful,Viki
When My Love Blooms,WeTV
When My Love Blooms, Netflix
When My Love Blooms, KDRAMA
When My Love Blooms, Viki
When the Camellia Blooms,Netflix
When the Devil Calls Your Name,KDRAMA
When the Devil Calls Your Name, Viki
When the Weather Is Fine,Disney Hotstar
When the Weather Is Fine, Viki
When the Weather Is Fine, WeTV
When the Weather Is Fine, iflix
When the Weather Is Fine, Hulu
When Women Powder Twice,
Where Stars Land,Apple TV
Where Stars Land, SBS World
Where Stars Land, Viki
Where Your Eyes Linger,Viki
Where Your Eyes Linger, WeTV
Which Star Are You From,
While You Were Sleeping,
Whisper,Viki
White Nights 3.98,
Who Are You?,
Why Her,Viki
Wife Returns,
Wild Romance,Viki
Witch at Court,Viki
Witch at Court, Apple TV
Witch's Love,Viki
Wok of Love,Viki
Wok of Love, Apple TV
Woman of 9.9 Billion,Viki
"Woman of Matchless Beauty, Park Jung-geum",
Woman with a Suitcase,
Women in the Sun,KBS Drama Classic
Women in the Sun, Viki
Wonderful Days,KBS World
Wonderful Mama,
Woori the Virgin,Viki
"Work Later, Drink Now",TVING
"Work Later, Drink Now", Prime Video
Working Mom,
Working Mom Parenting Daddy,
Wuri's Family,
XX,Viki
XX, PlayList Global
Yeon Gaesomun,
Yeonnam-dong 539,
YG Future Strategy Office,Netflix
Yong-pal,SBS VOD
Yong-pal, SBS World
Yong-pal, Viki
You and I,
You Are a Gift,
You Are My Destiny,Viki
You Are My Destiny, Apple TV
You Are My Spring,TVING
You Are My Spring, Netflix
You Are the Best!,KBS World
You Are the Best!, Viki
You Are the Boss!,
You Are the Only One,KBS World
You Are Too Much,Viki
You Don't Know Women,
You Drive Me Crazy,Viki
You Drive Me Crazy, Netflix
You Drive Me Crazy, KDRAMA
You Drive Me Crazy, Apple TV
You're All Surrounded,Viki
You're All Surrounded, Apple TV
You're All Surrounded, SBS World
You're Beautiful,Viki
You're Beautiful, Netflix
You're Only Mine,
Young Lady and Gentleman,Netflix
Young Lady and Gentleman, KBS World
Young Lady and Gentleman, Prime Video
Young Lady and Gentleman, Viki
Your Honor,Apple TV
Your Honor, SBS World
Your Honor, Viki
Your House Helper,Viki
Your Lady,
Your Neighbor's Wife,Viki
Youth,
Youth of May,Prime Video
Youth of May, Viki
Youth of May, Netflix
Yumi's Cells,TVING
Yumi's Cells, Viki
Zombie Detective,Viki
Zombie Detective, Netflix
